-- phpMyAdmin SQL Dump
-- version 4.2.11
-- http://www.phpmyadmin.net
--
-- Host: 127.0.0.1
-- Generation Time: Dec 30, 2018 at 07:06 AM
-- Server version: 5.6.21
-- PHP Version: 5.6.3

SET SQL_MODE = "NO_AUTO_VALUE_ON_ZERO";
SET time_zone = "+00:00";


/*!40101 SET @OLD_CHARACTER_SET_CLIENT=@@CHARACTER_SET_CLIENT */;
/*!40101 SET @OLD_CHARACTER_SET_RESULTS=@@CHARACTER_SET_RESULTS */;
/*!40101 SET @OLD_COLLATION_CONNECTION=@@COLLATION_CONNECTION */;
/*!40101 SET NAMES utf8 */;

--
-- Database: `whey1`
--

-- --------------------------------------------------------

--
-- Table structure for table `tbl_admin`
--

CREATE TABLE IF NOT EXISTS `tbl_admin` (
`IdAdmin` int(156) NOT NULL,
  `NameAdmin` varchar(156) COLLATE utf8mb4_unicode_ci NOT NULL,
  `Email` varchar(156) COLLATE utf8mb4_unicode_ci NOT NULL,
  `Pass` varchar(156) COLLATE utf8mb4_unicode_ci NOT NULL,
  `Address` varchar(156) COLLATE utf8mb4_unicode_ci NOT NULL,
  `Phone` varchar(156) COLLATE utf8mb4_unicode_ci NOT NULL
) ENGINE=InnoDB AUTO_INCREMENT=3 DEFAULT CHARSET=utf8mb4 COLLATE=utf8mb4_unicode_ci;

--
-- Dumping data for table `tbl_admin`
--

INSERT INTO `tbl_admin` (`IdAdmin`, `NameAdmin`, `Email`, `Pass`, `Address`, `Phone`) VALUES
(1, 'admin', '', '123456', '', ''),
(2, 'trungpto', '', '123456', '', '');

-- --------------------------------------------------------

--
-- Table structure for table `tbl_bill`
--

CREATE TABLE IF NOT EXISTS `tbl_bill` (
`IdBill` int(156) NOT NULL,
  `IdCustomer` int(156) DEFAULT NULL,
  `Email` varchar(100) COLLATE utf8mb4_unicode_ci NOT NULL,
  `Date_time` timestamp NOT NULL DEFAULT CURRENT_TIMESTAMP ON UPDATE CURRENT_TIMESTAMP,
  `Address` varchar(255) COLLATE utf8mb4_unicode_ci NOT NULL,
  `Phone` int(15) NOT NULL,
  `tongTien` int(11) NOT NULL,
  `hinhthucthanhtoan` varchar(250) COLLATE utf8mb4_unicode_ci NOT NULL
) ENGINE=InnoDB AUTO_INCREMENT=40 DEFAULT CHARSET=utf8mb4 COLLATE=utf8mb4_unicode_ci;

--
-- Dumping data for table `tbl_bill`
--

INSERT INTO `tbl_bill` (`IdBill`, `IdCustomer`, `Email`, `Date_time`, `Address`, `Phone`, `tongTien`, `hinhthucthanhtoan`) VALUES
(38, 2, 'langbaphibo@gmail.com', '2018-12-29 15:32:02', 'Hà Nội', 1627804441, 1800000, 'thanh toán khi nhận hàng'),
(39, 2, 'nguyentattrunghaha@gmail.com', '2018-12-29 15:32:43', 'Nghệ An', 12345679, 1150000, 'thanh toán khi nhận hàng');

-- --------------------------------------------------------

--
-- Table structure for table `tbl_bill_detail`
--

CREATE TABLE IF NOT EXISTS `tbl_bill_detail` (
`Id` int(11) NOT NULL,
  `bill_id` int(11) NOT NULL,
  `product_id` int(11) NOT NULL,
  `soLuong` int(11) NOT NULL
) ENGINE=InnoDB AUTO_INCREMENT=41 DEFAULT CHARSET=utf8mb4 COLLATE=utf8mb4_unicode_ci;

--
-- Dumping data for table `tbl_bill_detail`
--

INSERT INTO `tbl_bill_detail` (`Id`, `bill_id`, `product_id`, `soLuong`) VALUES
(39, 38, 2, 2),
(40, 39, 7, 1);

-- --------------------------------------------------------

--
-- Table structure for table `tbl_combo`
--

CREATE TABLE IF NOT EXISTS `tbl_combo` (
`Idcombo` int(11) NOT NULL,
  `Namecombo` varchar(250) COLLATE utf8_unicode_ci NOT NULL,
  `Giamgia` int(5) NOT NULL,
  `Idsanpham` varchar(250) COLLATE utf8_unicode_ci NOT NULL
) ENGINE=InnoDB AUTO_INCREMENT=17 DEFAULT CHARSET=utf8 COLLATE=utf8_unicode_ci;

--
-- Dumping data for table `tbl_combo`
--

INSERT INTO `tbl_combo` (`Idcombo`, `Namecombo`, `Giamgia`, `Idsanpham`) VALUES
(10, 'Combo mừng khai trương chi nhánh mới tại Đà Nẵng', 20, '1-2-12-'),
(11, 'Combo mừng tết dương lịch', 40, '1-2-29-'),
(12, 'Combo mừng sinh nhật cửa hàng lần thứ 3', 30, '6-10-20-'),
(13, 'Combo mừng quốc khánh 2-9', 20, '15-33-46-'),
(15, 'Combo mừng AD lấy vợ 2', 40, '10-11-12-'),
(16, 'Combo mừng NOELLL', 10, '1-13-14-');

-- --------------------------------------------------------

--
-- Table structure for table `tbl_customer`
--

CREATE TABLE IF NOT EXISTS `tbl_customer` (
`IdCustomer` int(156) NOT NULL,
  `NameCustomer` varchar(156) COLLATE utf8mb4_unicode_ci NOT NULL,
  `Pass` varchar(156) COLLATE utf8mb4_unicode_ci NOT NULL
) ENGINE=InnoDB AUTO_INCREMENT=10 DEFAULT CHARSET=utf8mb4 COLLATE=utf8mb4_unicode_ci;

--
-- Dumping data for table `tbl_customer`
--

INSERT INTO `tbl_customer` (`IdCustomer`, `NameCustomer`, `Pass`) VALUES
(1, 'trungtrangtreo', '123456'),
(2, 'trungptit', '123456'),
(3, 'bot', '123456'),
(4, 'nguyentattrung', '10101997'),
(5, 'admin', 'abc'),
(6, 'trungpro', '123456'),
(7, 'nguyentrung', '123456'),
(9, 'Dungdz1234', '11111111');

-- --------------------------------------------------------

--
-- Table structure for table `tbl_employee`
--

CREATE TABLE IF NOT EXISTS `tbl_employee` (
`IdEmployee` int(156) NOT NULL,
  `NameEmployee` varchar(156) COLLATE utf8mb4_unicode_ci NOT NULL,
  `Address` varchar(156) COLLATE utf8mb4_unicode_ci NOT NULL
) ENGINE=InnoDB DEFAULT CHARSET=utf8mb4 COLLATE=utf8mb4_unicode_ci;

-- --------------------------------------------------------

--
-- Table structure for table `tbl_news_detail`
--

CREATE TABLE IF NOT EXISTS `tbl_news_detail` (
`IdNews` int(156) NOT NULL,
  `Title` varchar(156) COLLATE utf8mb4_unicode_ci NOT NULL,
  `Content` varchar(156) COLLATE utf8mb4_unicode_ci NOT NULL,
  `Description` varchar(10000) COLLATE utf8mb4_unicode_ci NOT NULL,
  `IdNewsGroup` int(156) NOT NULL,
  `Image` varchar(200) COLLATE utf8mb4_unicode_ci NOT NULL
) ENGINE=InnoDB AUTO_INCREMENT=17 DEFAULT CHARSET=utf8mb4 COLLATE=utf8mb4_unicode_ci;

--
-- Dumping data for table `tbl_news_detail`
--

INSERT INTO `tbl_news_detail` (`IdNews`, `Title`, `Content`, `Description`, `IdNewsGroup`, `Image`) VALUES
(1, 'Steroid là gì ? Tác dụng phụ của steroid mà ít người biết ?', 'Steroid là gì ? Tác dụng phụ của thuốc steroid mà ít người biết ? Tác dụng phụ và rủi ro sức khỏe khi sử dụng và sau khi sử dụng trong tập gym.', '<p><span style="font-size:16px">Steroid đồng h&oacute;a được ph&aacute;t minh để sử dụng cho một số điều kiện y tế nhất định dưới quy định của ph&aacute;p luật, nhưng mọi người cũng sử dụng ch&uacute;ng bất hợp ph&aacute;p trong qu&aacute; tr&igrave;nh thể thao. Họ sử dụng Steroid đồng h&oacute;a để tăng cường khối lượng cơ bắp, hiệu suất, độ bền v&agrave; r&uacute;t ngắn thời gian hồi phục giữa c&aacute;c b&agrave;i tập.</span></p>\r\n\r\n<p><span style="font-size:16px">C&aacute;c loại thuốc n&agrave;y c&oacute; nguồn gốc kh&ocirc;ng tự nhi&ecirc;n từ testosterone nội tiết tố nam ch&iacute;nh. Testosterone c&oacute; vai tr&ograve; quan trọng trong việc th&uacute;c đẩy v&agrave; duy tr&igrave; sự ph&aacute;t triển cơ bắp v&agrave; ph&aacute;t triển c&aacute;c đặc điểm sinh dục nam thứ cấp, chẳng hạn như giọng n&oacute;i s&acirc;u v&agrave; t&oacute;c tr&ecirc;n khu&ocirc;n mặt.</span></p>\r\n\r\n<p><span style="font-size:16px">Steroid đồng h&oacute;a, c&ograve;n được gọi l&agrave; Anabolic Androgenic Steroid (AASs), c&oacute; thể x&acirc;y dựng cơ bắp v&agrave; cải thiện hiệu suất thể thao, nhưng ch&uacute;ng cũng c&oacute; thể c&oacute; t&aacute;c dụng phụ đ&aacute;ng kể, đặc biệt l&agrave; khi được sử dụng kh&ocirc;ng ch&iacute;nh x&aacute;c.</span></p>\r\n\r\n<p>&nbsp;</p>\r\n\r\n<p><span style="font-size:16px"><img alt="" class="aligncenter size-medium wp-image-16913" sizes="(max-width: 300px) 100vw, 300px" src="https://wheyshop.vn/wp-content/uploads/2018/08/The-4-Types-of-Steroid-User-300x169.jpg" srcset="https://wheyshop.vn/wp-content/uploads/2018/08/The-4-Types-of-Steroid-User-300x169.jpg 300w, https://wheyshop.vn/wp-content/uploads/2018/08/The-4-Types-of-Steroid-User.jpg 620w" style="height:169px; width:300px" /></span></p>\r\n\r\n<p><span style="font-size:16px">Sử dụng l&acirc;u d&agrave;i, phi y tế c&oacute; li&ecirc;n quan dẫn đến c&aacute;c vấn đề về tim, thay đổi thể chất kh&ocirc;ng mong muốn v&agrave; g&acirc;y hấn, hung hăng. Ng&agrave;y c&agrave;ng c&oacute; nhiều mối quan t&acirc;m tr&ecirc;n to&agrave;n thế giới về việc sử dụng steroid v&agrave; c&aacute;c t&aacute;c dụng của steroid kh&ocirc;ng d&ugrave;ng trong y tế.</span></p>\r\n\r\n<h3><span style="font-size:16px"><strong><span style="font-family:arial,helvetica,sans-serif">Sự kiện nhanh về steroid đồng h&oacute;a :</span></strong></span></h3>\r\n\r\n<p><span style="font-size:16px">Steroid đ&ocirc;i khi được sử dụng trong y học, nhưng việc sử dụng tr&aacute;i ph&eacute;p AAS c&oacute; thể d&ugrave;ng liều cao gấp 10 đến 100 lần so với liều theo toa th&ocirc;ng thường theo chỉ định b&aacute;c sĩ. Tại Hoa Kỳ, AAS cần một toa thuốc để sử dụng, nhưng đ&acirc;y kh&ocirc;ng phải l&agrave; trường hợp ở nhiều quốc gia.</span></p>\r\n\r\n<p><span style="font-size:16px">Tất cả c&aacute;c steroid tổng hợp kết hợp c&aacute;c hiệu ứng x&acirc;y dựng cơ bắp với sự ph&aacute;t triển của đặc điểm sinh dục nam thứ cấp.</span></p>\r\n\r\n<p><span style="font-size:16px">Việc sử dụng AAS c&oacute; li&ecirc;n quan đến nguy cơ đau tim hoặc đột quỵ cao hơn.</span></p>\r\n\r\n<p><span style="font-size:16px"><strong>Steroid đồng h&oacute;a l&agrave; g&igrave;?</strong></span></p>\r\n\r\n<p><span style="font-size:16px">AAS l&agrave; c&aacute;c phi&ecirc;n bản tổng hợp của hormone nam &ndash; testosterone. Ch&uacute;ng ảnh hưởng đến nhiều bộ phận của cơ thể, bao gồm c&aacute;c cơ, xương, nang t&oacute;c, gan, thận, m&aacute;u, hệ thống miễn dịch, hệ thống sinh sản v&agrave; hệ thần kinh trung ương.</span></p>\r\n\r\n<p><span style="font-size:16px">Trong tuổi dậy th&igrave;, tăng nồng độ testosterone cho ph&eacute;p sự ph&aacute;t triển của c&aacute;c đặc điểm như tăng trưởng t&oacute;c v&agrave; cơ thể, tăng chiều cao v&agrave; khối lượng cơ, một giọng n&oacute;i s&acirc;u sắc hơn, v&agrave; t&igrave;nh dục.</span></p>\r\n\r\n<p><span style="font-size:16px">Testosterone cũng c&oacute; thể g&oacute;p phần v&agrave;o khả năng cạnh tranh, l&ograve;ng tự trọng, v&agrave; t&iacute;nh hung hăng.</span></p>\r\n\r\n<p><span style="font-size:16px"><strong>Mọi người sử dụng ch&uacute;ng như thế n&agrave;o?</strong></span></p>\r\n\r\n<p><span style="font-size:16px">Việc sử dụng li&ecirc;n tục c&aacute;c AAS c&oacute; thể dẫn đến c&aacute;c vấn đề vượt qu&aacute; giới hạn. Họ thậm ch&iacute; c&oacute; thể l&agrave;m cho cơ thể ngừng sản xuất testosterone tự nhi&ecirc;n của m&igrave;nh. V&agrave; khả năng phục hồi lại lượng testosterone tự nhi&ecirc;n sau khi ngưng sử dụng AAS l&agrave; rất kh&oacute;.</span></p>\r\n\r\n<p><span style="font-size:16px">Một số người sử dụng AAS li&ecirc;n tục, nhưng những người kh&aacute;c cố gắng giảm thiểu t&aacute;c dụng phụ c&oacute; thể c&oacute; của họ th&ocirc;ng qua c&aacute;c phương ph&aacute;p sử dụng kh&aacute;c nhau :</span></p>\r\n\r\n<ul>\r\n	<li><span style="font-size:16px">Theo chu kỳ : Người n&agrave;y sử dụng AAS trong chu kỳ 6 đến 12 tuần (được gọi l&agrave; giai đoạn &ldquo;bật&rdquo;), sau đ&oacute; l&agrave; 4 tuần đến v&agrave;i th&aacute;ng nghỉ.</span></li>\r\n	<li><span style="font-size:16px">Xếp chồng: Người d&ugrave;ng kết hợp nhiều loại steroid kh&aacute;c nhau hoặc kết hợp c&aacute;c chất bổ sung kh&aacute;c nhằm cố gắng tối đa h&oacute;a hiệu quả của steroid. Điều n&agrave;y được gọi l&agrave; &ldquo;xếp chồng&rdquo;.</span></li>\r\n	<li><span style="font-size:16px">Kim tự th&aacute;p: Một số người d&ugrave;ng dần dần tăng liều l&ecirc;n mức cao nhất, sau đ&oacute; giảm số lượng.</span></li>\r\n</ul>\r\n\r\n<p><span style="font-size:16px">Tuy nhi&ecirc;n, kh&ocirc;ng c&oacute; nghi&ecirc;n cứu hay bằng chứng n&agrave;o cho thấy những phương ph&aacute;p n&agrave;y l&agrave;m giảm rủi ro.</span></p>\r\n\r\n<p>&nbsp;</p>\r\n\r\n<p><span style="font-size:16px"><img alt="" class="aligncenter size-medium wp-image-16913" sizes="(max-width: 300px) 100vw, 300px" src="https://wheyshop.vn/wp-content/uploads/2018/08/The-4-Types-of-Steroid-User-300x169.jpg" srcset="https://wheyshop.vn/wp-content/uploads/2018/08/The-4-Types-of-Steroid-User-300x169.jpg 300w, https://wheyshop.vn/wp-content/uploads/2018/08/The-4-Types-of-Steroid-User.jpg 620w" style="height:169px; width:300px" /></span></p>\r\n\r\n<p><span style="font-size:16px"><strong>C&aacute;c loại Steroid đồng h&oacute;a :</strong></span></p>\r\n\r\n<p><span style="font-size:16px">C&oacute; tới 32 loại anabolic steroid được liệt k&ecirc; tr&ecirc;n c&aacute;c trang web thương mại.</span></p>\r\n\r\n<p><span style="font-size:16px">Một số chỉ sử dụng thuốc, chẳng hạn như Nebido. Anadrol l&agrave; một v&iacute; dụ của một steroid với cả thuốc v&agrave; hiệu suất sử dụng.</span></p>\r\n\r\n<p><span style="font-size:16px">Mọi người chọn c&aacute;c loại kh&aacute;c nhau cho c&aacute;c mục đ&iacute;ch kh&aacute;c nhau:</span></p>\r\n\r\n<ul>\r\n	<li><span style="font-size:16px">bulking steroid để x&acirc;y dựng cơ bắp</span></li>\r\n	<li><span style="font-size:16px">performance steroid cho sức mạnh v&agrave; độ bền</span></li>\r\n	<li><span style="font-size:16px">cutting steroid để đốt ch&aacute;y chất b&eacute;o</span></li>\r\n	<li><span style="font-size:16px">C&aacute;c l&yacute; do kh&aacute;c để sử dụng bao gồm chữa bệnh v&agrave; phục hồi v&agrave; tăng cường trao đổi chất.</span></li>\r\n</ul>\r\n\r\n<p><span style="font-size:16px">Đối với cả mục đ&iacute;ch y tế v&agrave; bất hợp ph&aacute;p, AAS c&oacute; thể được sử dụng :</span></p>\r\n\r\n<ul>\r\n	<li><span style="font-size:16px">uống bằng miệng</span></li>\r\n	<li><span style="font-size:16px">như vi&ecirc;n n&eacute;n cấy dưới da</span></li>\r\n	<li><span style="font-size:16px">bằng c&aacute;ch ti&ecirc;m</span></li>\r\n	<li><span style="font-size:16px">qua da như kem hoặc gel</span></li>\r\n</ul>\r\n\r\n<p><span style="font-size:16px">AAS đi qua d&ograve;ng m&aacute;u đến m&ocirc; cơ, nơi ch&uacute;ng li&ecirc;n kết với một thụ thể androgen. Loại thuốc n&agrave;y sau đ&oacute; c&oacute; thể tương t&aacute;c với DNA của tế b&agrave;o v&agrave; k&iacute;ch th&iacute;ch qu&aacute; tr&igrave;nh tổng hợp protein th&uacute;c đẩy sự ph&aacute;t triển của tế b&agrave;o.</span></p>\r\n\r\n<p><span style="font-size:16px"><strong>Sử dụng trong Y tế :</strong></span></p>\r\n\r\n<p><span style="font-size:16px">Một số loại steroid thường được sử dụng để điều trị y tế.<br />\r\nV&iacute; dụ, corticosteroid c&oacute; thể gi&uacute;p những người bị hen suyễn thở trong mỗi cơn bệnh.</span></p>\r\n\r\n<p><span style="font-size:16px">Testosterone cũng được quy định đối với một số bệnh li&ecirc;n quan đến hormone, chẳng hạn như hypogonadism.</span></p>\r\n\r\n<p><span style="font-size:16px">Tuy nhi&ecirc;n, AASs thường kh&ocirc;ng được quy định như một thuốc điều trị.</span></p>\r\n\r\n<p><span style="font-size:16px">Tại Hoa Kỳ, AAS l&agrave; chất được kiểm so&aacute;t theo lịch tr&igrave;nh III chỉ c&oacute; sẵn theo đơn thuốc. Việc sử dụng c&aacute;c loại thuốc n&agrave;y chỉ l&agrave; hợp ph&aacute;p khi được nh&agrave; cung cấp dịch vụ y tế quy định.</span></p>\r\n\r\n<p><span style="font-size:16px">C&aacute;c điều kiện y tế m&agrave; ch&uacute;ng được sử dụng để điều trị bao gồm:</span></p>\r\n\r\n<ul>\r\n	<li><span style="font-size:16px">chậm tuổi dậy th&igrave;</span></li>\r\n	<li><span style="font-size:16px">điều kiện dẫn đến mất cơ, chẳng hạn như ung thư v&agrave; giai đoạn 3 HIV, hoặc AIDS</span></li>\r\n</ul>\r\n\r\n<p><span style="font-size:16px">Testosterone v&agrave; một số este của n&oacute;, cũng như methyltestosterone, nandrolone decanoate, v&agrave; oxandrolone, l&agrave; những chất anabolic androgenic ch&iacute;nh hiện đang được quy định tại Hoa Kỳ.</span></p>\r\n\r\n<p><span style="font-size:16px"><strong>Steroid trong thể thao</strong></span></p>\r\n\r\n<p><span style="font-size:16px">Việc sử dụng steroid phi y tế kh&ocirc;ng được ph&eacute;p tại Hoa Kỳ Theo Đạo luật về Chất được kiểm so&aacute;t, việc sở hữu v&agrave; ph&acirc;n phối bất hợp ph&aacute;p phải tu&acirc;n thủ luật ph&aacute;p li&ecirc;n bang v&agrave; tiểu bang.</span></p>\r\n\r\n<p><span style="font-size:16px">V&igrave; n&oacute; kh&ocirc;ng phải l&agrave; hợp ph&aacute;p cho c&aacute;c mục đ&iacute;ch thể thao, kh&ocirc;ng c&oacute; kiểm so', 1, 'image/tin_tuc_the_hinh/kien_thuc_the_hinh/1.jpg'),
(2, 'Chai cơ là gì? Cách khắc phục tình trạng chai cơ', 'Nhiều bạn inbox hỏi về vấn đề chai cơ trong tập thể hình, tập nhiều nhưng không phát triển? Hôm nay Dinh Dưỡng Thể Hình sẽ cùng các bạn tìm hiểu.', '<h2><span style="font-size:16px"><strong>Chai cơ trong tập thể h&igrave;nh l&agrave; g&igrave;?</strong></span></h2>\r\n\r\n<p><span style="font-size:16px">Thực ra th&igrave; từ &ldquo;chai cơ&rdquo; hay l&agrave; c&aacute;ch gọi kh&aacute;c để chỉ việc Over Training , qu&aacute; tải trong việc tập luyện. </span></p>\r\n\r\n<p><span style="font-size:16px">Kh&aacute;i niệm &ldquo;Over Training&rdquo; c&ograve;n bao h&agrave;m cả sự qu&aacute; tải cả về thể chất lẫn t&igrave;nh thần. Qu&aacute; nhiều căng thẳng dẫn tới sự mất c&acirc;n bằng giữa tập luyện v&agrave; nghỉ ngơi.</span></p>\r\n\r\n<p><span style="font-size:16px"><u><strong>V&iacute; dụ</strong> :</u> như nhiều bạn vẫn hay hỏi như tập ngực tuần 4-5 buổi được kh&ocirc;ng? Ng&agrave;y n&agrave;o cũng tập bụng được kh&ocirc;ng? Th&igrave; b&agrave;i viết n&agrave;y ch&iacute;nh l&agrave; c&acirc;u trả lời r&otilde; r&agrave;ng nhất cho bạn. Dấu hiệu của Over Training l&agrave; cơ bắp đau nhức k&eacute;o d&agrave;i sau khi tập luyện: Th&ocirc;ng thường cơ bắp sẽ đau nhức trong 1 đến 2 ng&agrave;y sau những 1 buổi tập hiệu quả. Nhưng nếu cơ bắp vẫn c&ograve;n đau nhức hơn 3 ng&agrave;y sau buổi tập luyện th&igrave; c&oacute; thể cơ bắp bạn đang bị qu&aacute; tải , kh&oacute; khăn trong việc phục hồi .</span></p>\r\n\r\n<p><span style="font-size:16px"><img alt="Chai cơ là gì" class="aligncenter size-full wp-image-16685" sizes="(max-width: 620px) 100vw, 620px" src="https://wheyshop.vn/wp-content/uploads/2018/07/huong-dan-cach-tap-hít-dat-tai-nha.jpg" srcset="https://wheyshop.vn/wp-content/uploads/2018/07/huong-dan-cach-tap-hít-dat-tai-nha.jpg 620w, https://wheyshop.vn/wp-content/uploads/2018/07/huong-dan-cach-tap-hít-dat-tai-nha-300x169.jpg 300w" style="height:349px; width:620px" /></span></p>\r\n\r\n<h2><span style="font-size:16px"><strong>Vậy l&agrave;m thế n&agrave;o để khắc phục chai cơ bắp</strong> </span></h2>\r\n\r\n<p><span style="font-size:16px">Lưu &yacute; rằng chế độ nghỉ ngơi v&agrave; dinh dưỡng của bạn vẫn đầy đủ v&agrave; chuẩn mực. Nếu bạn thiếu ngủ hoặc dinh dưỡng k&eacute;m sau khi tập th&igrave; việc đau nhức cơ bắp k&eacute;o d&agrave;i sau tập cũng c&oacute; thể vẫn b&igrave;nh thường. </span></p>\r\n\r\n<p><span style="font-size:16px">Dấu hiệu thứ 2 cần được theo d&otilde;i đ&oacute; l&agrave; cơ dường như kh&ocirc;ng ph&aacute;t triển th&ecirc;m. C&aacute;c cơ bắp trở n&ecirc;n yếu hơn, k&eacute;m đ&agrave;n hồi, hiệu ứng pump yếu hơn. </span></p>\r\n\r\n<p><span style="font-size:16px">C&aacute;c cơ bắp bị căng cứng, n&oacute;ng r&aacute;t nhanh hơn b&igrave;nh thường trước đ&acirc;y. Khi sờ nắn cảm gi&aacute;c c&oacute; cảm gi&aacute;c đau hơn b&igrave;nh thường. C&oacute; thể bạn sẽ đột ngột cảm thấy mất hứng th&uacute; với việc tập luyện v&agrave; bỏ b&ecirc; n&oacute;. </span></p>\r\n\r\n<h3><span style="font-size:16px"><strong>Nguy&ecirc;n nh&acirc;n dẫn đến chai cơ trong tập thể h&igrave;nh</strong></span></h3>\r\n\r\n<p><span style="font-size:16px">Do việc tập luyện với sức nặng sẽ tạo ra c&aacute;c vi tổn thương ở cơ bắp, m&agrave; cơ bắp cần 1 khoảng thời gian hồi phục v&agrave; x&acirc;y dựng lại mạnh mẽ hơn qua 3 giai đoạn đ&oacute; l&agrave;: Vi&ecirc;m cấp t&iacute;nh, h&igrave;nh th&agrave;nh c&aacute;c m&ocirc; v&agrave; tu sửa ho&agrave;n thiện. Việc sắp xếp 1 lịch tập qu&aacute; d&agrave;y đặc , diễn ra li&ecirc;n tục ở 1 nh&oacute;m cơ khiến cho cơ bắp bị stress, ph&aacute; hủy li&ecirc;n tục m&agrave; kh&ocirc;ng c&oacute; thời gian để sửa chữa v&agrave; phục hồi. </span></p>\r\n\r\n<p><span style="font-size:16px">1 v&agrave;i yếu tốt kh&aacute;c dẫn đến việc <strong>chai cơ</strong> ( Over Training ) như<br />\r\nNgủ kh&ocirc;ng đủ giấc : ch&uacute;ng ta đều biết cơ bắp được phục hồi v&agrave; ph&aacute;t triển trong khi ngủ, n&ecirc;n việc kh&ocirc;ng đảm bảo được giấc ngủ sẽ l&agrave;m gi&aacute;n đoạn qu&aacute; tr&igrave;nh phục hồi , k&eacute;o d&agrave;i 1 thời gian sẽ dẫn đến hiện tượng chai cơ .</span></p>\r\n\r\n<p><span style="font-size:16px">Kh&ocirc;ng đủ dinh dưỡng: Cơ bắp bị stress cần c&oacute; nguy&ecirc;n liệu để x&acirc;y dựng lại, bạn kh&ocirc;ng cung cấp đủ dinh dưỡng, cơ bắp sẽ kh&ocirc;ng c&oacute; nguy&ecirc;n liệu để phục hồi. T&igrave;nh trạng n&agrave;y c&agrave;ng k&eacute;o d&agrave;i, c&aacute;c m&ocirc; sẹo c&agrave;ng xuất hiện nhiều trong cơ bắp. Ch&uacute;ng g&acirc;y cản trở lưu th&ocirc;ng của m&aacute;u đưa năng lượng tới cơ bắp, l&agrave;m giảm khả năng co gi&atilde;n của cơ l&agrave; ch&uacute;ng trở n&ecirc;n yếu hơn. Thời gian phục hồi l&acirc;u hơn, khả năng phục hồi k&eacute;m hơn. </span></p>\r\n\r\n<h3><span style="font-size:16px"><strong>C&aacute;ch khắc phục chai cơ ( Over Training )</strong></span></h3>\r\n\r\n<p><span style="font-size:16px">Ph&ograve;ng vẫn tốt hơn l&agrave; chữa đ&uacute;ng kh&ocirc;ng n&agrave;o? Nếu bạn chưa bị v&agrave; đọc được b&agrave;i viết n&agrave;y, th&igrave; h&atilde;y n&ecirc;n nhớ một số điều sau để gi&uacute;p bạn kh&ocirc;ng phải vướng v&agrave;o t&igrave;nh cảnh n&agrave;y. Đầu tiện l&agrave; phải x&acirc;y dựng lịch tập hợp l&yacute;. Nếu chưa biết c&aacute;ch l&ecirc;n lịch tập thể h&igrave;nh th&igrave; h&atilde;y dộc ngay b&agrave;i viết hướng dẫn l&ecirc;n lịch tập gym khoa học cho người mới. </span></p>\r\n\r\n<p><span style="font-size:16px">Tiếp theo l&agrave; tập luyện đều đặn th&igrave; cũng phải c&oacute; thời gian nghỉ ngơi phục hồi. &Iacute;t nhất l&agrave; mỗi nh&oacute;m cơ phải c&oacute; từ 48-72 giờ nghỉ. </span></p>\r\n\r\n<p><span style="font-size:16px">Ăn uống đầy đủ dinh dưỡng .</span></p>\r\n\r\n<p><span style="font-size:16px">L&agrave;m tốt những điều n&agrave;y bạn sẽ kh&ocirc;ng phải thấy c&aacute;c dấu hiệu chai cơ n&agrave;o trong suốt những năm th&aacute;ng luyện tập của m&igrave;nh đ&acirc;u. </span></p>\r\n\r\n<p><span style="font-size:16px">1 số lời khuy&ecirc;n gi&uacute;p khắc phục t&igrave;nh trạng <strong>chai cơ ( Over Training )</strong>.<br />\r\nTạm dừng việc tập luyện hoặc hạ thấp cường độ luyện tập đi 75-100%, thời gian trong 2 đến 3 tuần. Tăng cường việc nghỉ ngơi, đảm bảo giấc ngủ v&agrave; chế độ dinh dưỡng v&agrave; uống nhiều nước. </span></p>\r\n\r\n<p><span style="font-size:16px">Sau giai đoạn nghỉ ngơi 2-3 tuần, h&atilde;y thiết lập lại kế hoạch, lịch v&agrave; phương ph&aacute;p tập luyện c&acirc;n bằng giữa ph&aacute;t triển cơ bắp v&agrave; phục hồi. </span></p>\r\n\r\n<p><span style="font-size:16px">Điều chỉnh lại chế độ ăn uống, ngủ nghỉ hợp l&yacute;. Tăng cường matxa cơ bắp, sử dụng con lăn để trải cơ. </span></p>\r\n\r\n<p><span style="font-size:16px">Qua b&agrave;i viết n&agrave;y mong rằng <a href="https://wheyshop.vn/tin-tuc" target="_blank">Dinh Dưỡng Thể H&igrave;nh</a> đ&atilde; t&igrave;m hiểu r&otilde; hơn về t&aacute;c hại v&agrave; c&aacute;ch ph&ograve;ng tr&aacute;nh cũng như khắc phục t&igrave;nh trạng <strong>chai cơ</strong> trong tập thể h&igrave;nh.</span></p>\r\n', 1, 'image/tin_tuc_the_hinh/kien_thuc_the_hinh/2.jpg'),
(3, 'Cardio là gì? Lợi ích khi tập cardio đúng cách hiệu quả ?', 'Cardio là gì ? Có rất nhiều bạn đặt câu hỏi cho Dinh Dưỡng Thể Hình khi muốn tìm đến 1 phương pháp giảm cân, giảm mỡ bụng nhanh chóng .', '<h2><span style="font-size:16px"><strong>Cardio l&agrave; g&igrave; ?</strong> C&oacute; rất nhiều bạn đặt c&acirc;u hỏi cho <a href="https://wheyshop.vn/tin-tuc" target="_blank">Dinh Dưỡng Thể H&igrave;nh</a> khi muốn t&igrave;m đến 1 phương ph&aacute;p giảm c&acirc;n, giảm mỡ bụng nhanh ch&oacute;ng <strong>.</strong></span></h2>\r\n\r\n<h3><span style="font-size:16px">H&ocirc;m nay , Dinh Dưỡng Thể H&igrave;nh sẽ c&ugrave;ng c&aacute;c bạn t&igrave;m hiểu <strong>Tập cardio l&agrave; g&igrave; ?</strong> C&aacute;c b&agrave;i tập cardio giảm mỡ bụng kh&ocirc;ng mất cơ cho nam tại ph&ograve;ng gym thể h&igrave;nh .</span></h3>\r\n\r\n<p><span style="font-size:16px">Cardio (Cardiovascular) l&agrave; một phương ph&aacute;p tập luyện gi&uacute;p đốt ch&aacute;y calo nhanh, mang lại hiệu quả giảm c&acirc;n v&agrave; giảm mỡ bụng cực tốt, Cardio l&agrave; viết tắt của từ Cardiovascular &ndash; tức l&agrave; b&agrave;i tập l&agrave;m tăng nhịp tim, gi&uacute;p tăng cường trao đổi chất v&agrave; tăng khả năng đốt ch&aacute;y mỡ thừa ngay cả khi bạn đ&atilde; dừng tập</span></p>\r\n\r\n<p><span style="font-size:16px">Cardio rất linh hoạt v&agrave; thực chất Cardio chỉ l&agrave; nguy&ecirc;n tắc tập luyện, kh&ocirc;ng phải l&agrave; một b&agrave;i tập cụ thể n&agrave;o cả. C&oacute; v&ocirc; v&agrave;n c&aacute;c b&agrave;i tập, động t&aacute;c c&oacute; thể sử dụng để tạo th&agrave;nh c&aacute;c b&agrave;i tập Cardio</span></p>\r\n\r\n<p><span style="font-size:16px"><img alt="" class="alignnone size-full wp-image-16650" sizes="(max-width: 602px) 100vw, 602px" src="https://wheyshop.vn/wp-content/uploads/2018/07/main-qimg-92a6022d6930595983be9c96d41a0a8c.jpg" srcset="https://wheyshop.vn/wp-content/uploads/2018/07/main-qimg-92a6022d6930595983be9c96d41a0a8c.jpg 602w, https://wheyshop.vn/wp-content/uploads/2018/07/main-qimg-92a6022d6930595983be9c96d41a0a8c-300x138.jpg 300w, https://wheyshop.vn/wp-content/uploads/2018/07/main-qimg-92a6022d6930595983be9c96d41a0a8c-600x276.jpg 600w" style="height:276px; width:602px" /></span></p>\r\n\r\n<p><span style="font-size:16px"><strong>Cardio cường độ cao l&agrave; g&igrave;?</strong></span></p>\r\n\r\n<p><span style="font-size:16px">Cardio cường độ cao hay c&ograve;n gọi l&agrave; <a href="https://wheyshop.vn/hiit-la-gi-bai-tap-dot-mo-hieu-qua-muon-giam-can-hay-tap-hiit.html" target="_blank">HIIT</a> (HIIT l&agrave; từ viết tắt của High Intensity Interval Training tức b&agrave;i tập cường độ cao ngắt qu&atilde;ng). C&ocirc;ng dụng của <a href="https://wheyshop.vn/hiit-la-gi-bai-tap-dot-mo-hieu-qua-muon-giam-can-hay-tap-hiit.html" target="_blank">HIIT</a> l&agrave; đốt ch&aacute;y calo rất m&atilde;nh liệt v&agrave; c&oacute; thể tiếp tục mang lại hiệu quả sau 24 tiếng dừng tập. Mặc d&ugrave; chỉ tập 20 ph&uacute;t nhưng nếu bạn tập luyện đ&uacute;ng c&aacute;ch th&igrave; lượng calo đốt ch&aacute;y được l&agrave; rất lớn. Chạy bộ v&agrave; body squat l&agrave; c&aacute;c b&agrave;i tập rất hay cho <a href="https://wheyshop.vn/hiit-la-gi-bai-tap-dot-mo-hieu-qua-muon-giam-can-hay-tap-hiit.html" target="_blank">HIIT</a>.</span></p>\r\n\r\n<p><span style="font-size:16px"><strong>Cardio cường độ thấp l&agrave; g&igrave;?</strong></span></p>\r\n\r\n<p><span style="font-size:16px">Cardio cường độ thấp hay c&ograve;n gọi l&agrave; LISS ( LISS l&agrave; từ viết tắt của Low Intensity Steady State hay c&ograve;n gọi l&agrave; b&agrave;i tập Cardio cường độ thấp ổn định). Tập LISS trong thời gian ngắn sẽ gi&uacute;p cơ thể phục hồi v&agrave; tập k&eacute;o d&agrave;i hơn sẽ gi&uacute;p đốt ch&aacute;y calo. Việc tập LISS kh&ocirc;ng c&oacute; t&aacute;c dụng đốt ch&aacute;y calo sau khi tập luyện n&ecirc;n để đốt ch&aacute;y calo th&igrave; bạn cần k&eacute;o d&agrave;i thời gian từ 30 &ndash; 60 ph&uacute;t trong một buổi tập. Đi bộ tr&ecirc;n m&aacute;y hay đạp xe duy tr&igrave; tốc độ trung b&igrave;nh l&agrave; 1 v&iacute; dụ điển h&igrave;nh của phương ph&aacute;p LISS Cardio.</span></p>\r\n\r\n<p><br />\r\n<span style="font-size:16px"><strong>Lợi &iacute;ch của b&agrave;i tập Cardio &nbsp;</strong></span></p>\r\n\r\n<ul>\r\n	<li><span style="font-size:16px"><strong>Gi&uacute;p cải thiện sức khỏe tim mạch.</strong></span></li>\r\n</ul>\r\n\r\n<p><span style="font-size:16px">Tim của bạn cũng l&agrave; cơ bắp v&agrave; n&oacute; cũng cần được tập luyện như mọi nh&oacute;m cơ kh&aacute;c tr&ecirc;n cơ thể. Nếu như kh&ocirc;ng được tập luyện thường xuy&ecirc;n v&agrave; đ&uacute;ng c&aacute;ch th&igrave; tim cũng sẽ yếu dẫn đi. T&igrave;nh huống dễ gặp nhất l&agrave; nếu bạn trong t&igrave;nh trạng thở hổn hển, tim đập loạn xạ khi chỉ leo cầu thang một đoạn th&igrave; thực sự bạn cần phải tập luyện cho tim mạch. Tập Cardio đ&uacute;ng c&aacute;ch sẽ gi&uacute;p tăng cường sức khỏe v&agrave; giảm nguy cơ mắc c&aacute;c bệnh tim mạch.</span></p>\r\n\r\n<ul>\r\n	<li><span style="font-size:16px"><strong>Gi&uacute;p đốt ch&aacute;y calories, giảm mỡ thừa.</strong></span></li>\r\n</ul>\r\n\r\n<p><span style="font-size:16px">Cardio hầu như l&agrave; một phần kh&ocirc;ng thể thiếu trong gi&aacute;o &aacute;n tập luyện của mọi gi&aacute;o vi&ecirc;n, huấn luyện vi&ecirc;n hướng dẫn tập Gym tr&ecirc;n thế giới. C&aacute;c lời khuy&ecirc;n về giảm c&acirc;n, đốt mỡ kh&ocirc;ng bao giờ thiếu Cardio. Tập Cardio được xem l&agrave; một trong những phương ph&aacute;p gi&uacute;p đốt ch&aacute;y calories v&agrave; giảm mỡ hiệu quả nhất hiện nay</span></p>\r\n\r\n<ul>\r\n	<li><span style="font-size:16px"><strong>Cardio gi&uacute;p tăng khả năng phục hồi của cơ thể.</strong></span></li>\r\n</ul>\r\n\r\n<p><span style="font-size:16px">Cardio c&oacute; rất nhiều b&agrave;i tập kh&aacute;c nhau v&agrave; với một số b&agrave;i tập Cardio nhẹ nh&agrave;ng, cường độ thấp th&igrave; n&oacute; c&oacute; thể gi&uacute;p bạn phục hồi nhanh ch&oacute;ng hơn. Nếu như bạn vừa c&oacute; một buổi tập nặng th&igrave; h&atilde;y l&ecirc;n m&aacute;y tập chạy bộ thực hiện b&agrave;i tập đi bộ với cường độ thấp, n&oacute; sẽ l&agrave;m tăng khả năng xử l&yacute; acid lactic t&iacute;ch tụ trong cơ bắp.</span></p>\r\n\r\n<ul>\r\n	<li><span style="font-size:16px"><strong>Tăng cường trao đổi chất v&agrave; điều h&ograve;a ho&oacute;c m&ocirc;n.</strong></span></li>\r\n</ul>\r\n\r\n<p><span style="font-size:16px">Thực tế chứng minh rằng, cardio c&oacute; t&aacute;c dụng gi&uacute;p tăng cường qu&aacute; tr&igrave;nh trao đổi chất v&agrave; điều h&ograve;a ho&oacute;c m&ocirc;n trong cơ thể của bạn.</span></p>\r\n\r\n<p><span style="font-size:16px"><img alt="" class="alignnone size-full wp-image-16651" src="https://wheyshop.vn/wp-content/uploads/2018/07/cardio-peak-training-960x540.jpg" style="height:540px; width:960px" /></span></p>\r\n\r\n<p><span style="font-size:16px"><strong>T&aacute;c hại của việc tập Cardio qu&aacute; mức:</strong></span></p>\r\n\r\n<p><span style="font-size:16px">Việc l&agrave;m dụng bất cứ vấn đề g&igrave; cũng đều kh&ocirc;ng tốt với sức khỏe.<br />\r\nV&iacute; dụ việc tập tạ qu&aacute; nhiều cường độ cao cũng dẫn đến vấn đề <a href="https://wheyshop.vn/chai-co-la-gi-cach-khac-phuc-tinh-trang-chai-co.html" target="_blank"><strong>chai cơ</strong></a><br />\r\nĐối với Cardio cũng vậy, việc bạn tập Cardio qu&aacute; nhiều lần v&agrave; lạm dụng trong thời gian d&agrave;i cũng dẫn đến những t&aacute;c hại sau</span></p>\r\n\r\n<ul>\r\n	<li><span style="font-size:16px">Đau cơ mất cơ: khi qu&aacute; lạm dụng cardio m&agrave; chế độ ăn uống hạn hẹp l&uacute;c n&agrave;y nguồn năng lượng cạn kiệt cơ thể sẻ lấy cơ bắp ra l&agrave;m nguồn năng lượng ch&iacute;nh (dị h&oacute;a cơ bắp). </span></li>\r\n	<li><span style="font-size:16px">C&aacute;c vấn đề về tim: Tập thể dục cardio l&agrave; c&oacute; lợi cho tim của bạn, nhưng chỉ khi n&oacute; được thực hiện ở mức độ vừa phải. Nếu lạm dụng n&oacute;, bạn thực sự l&agrave;m tăng nguy cơ bị đau tim, đẩy tim hoạt động qu&aacute; mức v&agrave; đập loạn nhịp.</span></li>\r\n	<li><span style="font-size:16px">Mất ngủ: tập cardio l&agrave; c&aacute;ch để tăng năng lượng, nhưng nếu tập cardio qu&aacute; mức c&oacute; thể l&agrave;m tăng nồng độ adrenaline v&agrave; khiến bạn kh&oacute; ngủ v&agrave;o ban đ&ecirc;m. </span></li>\r\n	<li><span style="font-size:16px">Mệt mỏi: Với cường độ tập cardio qu&aacute; cao bạn sẽ đốt ch&aacute;y qu&aacute; nhiều năng lượng. L&agrave;m bạn mệt mỏi, uể oải suốt ng&agrave;y. </span></li>\r\n	<li><span style="font-size:16px">Ảnh hưởng qu&aacute; tr&igrave;nh giảm c&acirc;n: tuy cardio l&agrave; b&agrave;i tập giảm c&acirc;n, giảm mỡ hiệu quả nhưng nếu tập luyện qu&aacute; mức sẽ l&agrave;m thay đổi qu&aacute; tr&igrave;nh trao đổi chất cơ thể khiến bạn giảm c&acirc;n chậm hơn. </span></li>\r\n</ul>\r\n\r\n<p><span style="font-size:16px">V&igrave; vậy khi tập cardio bạn cần ghi nhớ thời gian v&agrave; cường độ tập luyện: 0-20 ph&uacute;t Cardio cường độ cao hoặc 30-45 ph&uacute;t Cardio cường độ thấp Đ&acirc;y l&agrave; khoản thời gian hiệu quả nhất để thực hiện cardio m&agrave; kh&ocirc;ng khiến cơ thể hoạt động qu&aacute; mức dẫn đến kiệt sức v&agrave; bị c&aacute;c t&aacute;c hại tr&ecirc;n. </span></p>\r\n\r\n<p><span style="font-size:16px"><strong>Những h&igrave;nh thức cardio phổ biến Cardio l&agrave; g&igrave;</strong> </span></p>\r\n\r\n<p><span style="font-size:16px">&ndash; Đi bộ nhanh, chạy bộ. Bạn c&oacute; thể chạy bộ ngo&agrave;i trời, tr&ecirc;n m&aacute;y chạy.</span></p>\r\n\r\n<p><span style="font-size:16px">&ndash; Nhảy d&acirc;y.</span></p>\r\n\r\n<p><span style="font-size:16px">&ndash; Đạp xe. Đạp xe bằng xe đạp ngo&agrave;i trời hoặc bằng xe đạp tập trong nh&agrave;.</span></p>\r\n\r\n<p><span style="font-size:16px">&ndash; Leo cầu thang.</span></p>\r\n\r\n<p><span style="font-size:16px">&ndash; Kick Boxing. Đấm đ&aacute; li&ecirc;n tục v&agrave;o bao c&aacute;t.</span></p>\r\n\r\n<p><span style="font-size:16px">&ndash; Body Combat (Kick boxing theo nhạc).</span></p>\r\n\r\n<p><span style="font-size:16px">&ndash; Tabata (một hoặc một chuỗi c&aacute;c b&agrave;i tập tại chỗ)..</span></p>\r\n\r\n<p><span style="font-size:16px">&ndash; Ch&egrave;o thuyền.<br />\r\n<br />\r\nQua b&ag', 1, 'image/tin_tuc_the_hinh/kien_thuc_the_hinh/3.jpg'),
(4, 'Ăn khoai lang có béo không và có tác dụng gì?', 'Với mong muốn có một sức khỏe tốt cùng một thân hình cân đối, rất nhiều người hiện nay lựa chọn khoai lang như là một món ăn không thể […]', '<h2><span style="font-size:16px"><strong>Ăn khoai lang c&oacute; t&aacute;c dụng g&igrave;?</strong></span></h2>\r\n\r\n<p style="text-align:justify"><span style="font-size:16px">Trong th&agrave;nh phần của khoai lang c&oacute; chứa beta-carotene, vitamin E, C, B6, kali v&agrave; sắt rất tốt cho hệ ti&ecirc;u h&oacute;a, &nbsp;đồng thời c&oacute; chỉ số glycemic ( chỉ số đường huyết của thực phẩm) thấp hơn so với khoai t&acirc;y, hạn chế được lượng chất bột đường m&agrave; cơ thể hấp thụ sau khi ăn. Những người mắc bệnh tiểu đường cũng ho&agrave;n to&agrave;n kh&ocirc;ng cần lo lắng khi sử dụng khoai lang h&agrave;ng ng&agrave;y.</span></p>\r\n\r\n<p><span style="font-size:16px"><a href="https://wheyshop.vn/wp-content/uploads/2018/06/giam-can-bang-an-khoai-lang-ket-hop-voi-rau-min.png"><img alt="ăn khoai lang có béo không" class="aligncenter wp-image-16047" sizes="(max-width: 494px) 100vw, 494px" src="https://wheyshop.vn/wp-content/uploads/2018/06/giam-can-bang-an-khoai-lang-ket-hop-voi-rau-min.png" srcset="https://wheyshop.vn/wp-content/uploads/2018/06/giam-can-bang-an-khoai-lang-ket-hop-voi-rau-min.png 963w, https://wheyshop.vn/wp-content/uploads/2018/06/giam-can-bang-an-khoai-lang-ket-hop-voi-rau-min-150x150.png 150w, https://wheyshop.vn/wp-content/uploads/2018/06/giam-can-bang-an-khoai-lang-ket-hop-voi-rau-min-300x300.png 300w, https://wheyshop.vn/wp-content/uploads/2018/06/giam-can-bang-an-khoai-lang-ket-hop-voi-rau-min-768x766.png 768w, https://wheyshop.vn/wp-content/uploads/2018/06/giam-can-bang-an-khoai-lang-ket-hop-voi-rau-min-180x180.png 180w" style="height:492px; width:494px" /></a></span></p>\r\n\r\n<p style="text-align:center"><span style="font-size:16px"><em>Kết hợp khoai lang trong thực đơn hằng ng&agrave;y gi&uacute;p hệ ti&ecirc;u h&oacute;a khỏe mạnh</em></span></p>\r\n\r\n<p>&nbsp;</p>\r\n\r\n<h2><span style="font-size:16px"><strong>Ăn khoai lang thường xuy&ecirc;n gi&uacute;p chống vi&ecirc;m</strong></span></h2>\r\n\r\n<p style="text-align:justify"><span style="font-size:16px">Một lợi &iacute;ch kh&ocirc;ng nhỏ của ăn khoai lang m&agrave; kh&ocirc;ng phải ai cũng biết, đ&oacute; l&agrave; trong khoai lang c&oacute; chứa anthocyanin, được biết đến với t&iacute;nh chất chống vi&ecirc;m mạnh mẽ. Khi ăn khoai lang, anthocyanin sẽ gi&uacute;p c&aacute;c cơ quan chống lại sự vi&ecirc;m nhiễm, tăng cường sức đề kh&aacute;ng cho cơ thể, c&ugrave;ng với đ&oacute; l&agrave; lượng fibrinogen hiện diện trong khoai lang cũng gi&uacute;p m&aacute;u đ&ocirc;ng nhanh hơn.</span></p>\r\n\r\n<p><span style="font-size:16px"><a href="https://wheyshop.vn/wp-content/uploads/2018/06/1-1-e1505530754542-min.png"><img alt="ăn khoai lang có tác dụng gì" class="aligncenter wp-image-16044" sizes="(max-width: 540px) 100vw, 540px" src="https://wheyshop.vn/wp-content/uploads/2018/06/1-1-e1505530754542-min.png" srcset="https://wheyshop.vn/wp-content/uploads/2018/06/1-1-e1505530754542-min.png 748w, https://wheyshop.vn/wp-content/uploads/2018/06/1-1-e1505530754542-min-300x199.png 300w" style="height:359px; width:540px" /></a></span></p>\r\n\r\n<p style="text-align:center"><span style="font-size:16px"><em>Chống vi&ecirc;m l&agrave; một c&ocirc;ng dụng kh&ocirc;ng phải ai cũng biết của việc ăn khoai lang thường xuy&ecirc;n</em></span></p>\r\n\r\n<h2><span style="font-size:16px"><strong>Chống l&atilde;o h&oacute;a l&agrave; một trong số những lợi &iacute;ch của việc ăn khoai lang</strong></span></h2>\r\n\r\n<p style="text-align:justify"><span style="font-size:16px">T&igrave;nh trạng thực phẩm bẩn, thực phẩm k&eacute;m chất lượng đang được b&agrave;y b&aacute;n tr&agrave;n lan tr&ecirc;n thị trường v&agrave; đến tay người ti&ecirc;u d&ugrave;ng hiện nay l&agrave; một trong những nguy&ecirc;n nh&acirc;n g&acirc;y ra l&atilde;o h&oacute;a sớm. H&agrave;m lượng Carotenoid cao trong khoai lang l&agrave; chất x&uacute;c t&aacute;c gi&uacute;p sản sinh ra vitamin A trong cơ thể, tăng cường thị lực v&agrave; n&acirc;ng cao khả năng miễn dịch.</span></p>\r\n\r\n<p><span style="font-size:16px"><a href="https://wheyshop.vn/wp-content/uploads/2018/06/cac-mon-an-tu-khoai-lang-1-e1517544639678-min.png"><img alt="ăn khoai lang có mập không" class="aligncenter wp-image-16045" sizes="(max-width: 594px) 100vw, 594px" src="https://wheyshop.vn/wp-content/uploads/2018/06/cac-mon-an-tu-khoai-lang-1-e1517544639678-min.png" srcset="https://wheyshop.vn/wp-content/uploads/2018/06/cac-mon-an-tu-khoai-lang-1-e1517544639678-min.png 750w, https://wheyshop.vn/wp-content/uploads/2018/06/cac-mon-an-tu-khoai-lang-1-e1517544639678-min-300x200.png 300w" style="height:396px; width:594px" /></a></span></p>\r\n\r\n<p style="text-align:center"><span style="font-size:16px"><em>Ăn khoai lang gi&uacute;p l&agrave;m chậm qu&aacute; tr&igrave;nh l&atilde;o h&oacute;a</em></span></p>\r\n\r\n<h2><span style="font-size:16px"><strong>Ăn khoai lang c&oacute; b&eacute;o, mập kh&ocirc;ng?</strong></span></h2>\r\n\r\n<p style="text-align:justify"><span style="font-size:16px">&ldquo;<strong><em>Ăn khoai lang c&oacute; b&eacute;o kh&ocirc;ng</em></strong>&rdquo; vẫn nhận được nhiều &yacute; kiến tr&aacute;i chiều hiện nay. Ăn khoai lang một c&aacute;ch khoa học, th&ocirc;ng minh, kết hợp c&ugrave;ng với một chế độ tập luyện nghỉ ngơi hợp l&yacute; ch&iacute;nh l&agrave; phương ph&aacute;p giảm c&acirc;n hiệu quả h&agrave;ng đầu, vừa tốt cho sức khỏe, vừa mang đến một v&oacute;c d&aacute;ng thon gọn, quyến rũ như mơ ước. Khoa học đ&atilde; l&yacute; giải rằng: Mặc du chứa nhiều tinh bột, xong lượng calo trong khoai lang rất &iacute;t, kh&ocirc;ng chứa chất b&eacute;o v&agrave; cholesterol, gi&uacute;p bạn c&oacute; thể ăn thoải m&aacute;i m&agrave; kh&ocirc;ng lo bị tăng c&acirc;n.</span></p>\r\n\r\n<p><span style="font-size:16px"><a href="https://wheyshop.vn/wp-content/uploads/2018/06/collage4-16-min.png"><img alt="ăn khoai lang có béo không" class="aligncenter wp-image-16046" src="https://wheyshop.vn/wp-content/uploads/2018/06/collage4-16-min.png" style="height:404px; width:586px" /></a></span></p>\r\n\r\n<p style="text-align:center"><span style="font-size:16px"><em>Khoai lang l&agrave; thực phẩm kh&ocirc;ng thể thiếu của qu&aacute; tr&igrave;nh giảm c&acirc;n</em></span></p>\r\n\r\n<p style="text-align:justify"><span style="font-size:16px">Ch&iacute;nh v&igrave; thế, trong thực đơn h&agrave;ng ng&agrave;y của những người giảm c&acirc;n, thật kh&ocirc;ng lạ lẫm g&igrave; khi ch&uacute;ng ta bắt gặp h&igrave;nh ảnh của khoai lang, được chế biến theo nhiều c&aacute;ch kh&aacute;c nhau như khoai lang luộc, khoai lang hấp, nấu x&ocirc;i, ch&egrave;,&hellip;</span></p>\r\n\r\n<p style="text-align:justify"><span style="font-size:16px">Với những lợi &iacute;ch kể tr&ecirc;n, thật sự kh&ocirc;ng thể bỏ qua khoai lang, loại thực phẩm thơm ngon v&agrave; mang lại rất nhiều t&aacute;c dụng trong thực đơn của bạn. Đừng qu&ecirc;n tham khảo c&aacute;c m&oacute;n ăn hấp dẫn được chế biến từ khoai lang để gia đ&igrave;nh v&agrave; những người th&acirc;n y&ecirc;u c&oacute; thể thưởng thức nh&eacute;. Ch&uacute;c c&aacute;c bạn th&agrave;nh c&ocirc;ng!</span></p>\r\n', 1, 'image/tin_tuc_the_hinh/dinh_duong_the_hinh/1.jpg');
INSERT INTO `tbl_news_detail` (`IdNews`, `Title`, `Content`, `Description`, `IdNewsGroup`, `Image`) VALUES
(5, 'Cập nhật thông tin về những thực phẩm giàu chất xơ mới nhất', 'Chất xơ – chúng ta biết chúng ta cần nó, nhưng ngay cả với những thực phẩm giàu chất xơ trên mạng, hầu hết mọi người vẫn thiếu. Thực phẩm […]', '<h2><span style="font-size:16px">1. Những thực phẩm gi&agrave;u chất xơ &ndash; Quả bơ</span></h2>\r\n\r\n<p><span style="font-size:16px">Tổng lượng chất xơ: 10,1 gram / cốc (150 gram).</span></p>\r\n\r\n<p><span style="font-size:16px">C&aacute;c chất dinh dưỡng đ&aacute;ng ch&uacute; &yacute;: Vitamin C, vitamin E, vitamin B6, folate, vitamin K, kali.</span></p>\r\n\r\n<p><span style="font-size:16px">H&agrave;m lượng chất xơ của bơ thay đổi t&ugrave;y theo loại. C&oacute; sự kh&aacute;c biệt về h&agrave;m lượng chất xơ v&agrave; lựa chọn giữa m&agrave;u xanh l&aacute; c&acirc;y tươi s&aacute;ng, bơ mịn (bơ Florida) v&agrave; loại nhỏ hơn, đậm hơn v&agrave; l&uacute;m đồng tiền (bơ California). Bơ Florida c&oacute; chất xơ kh&ocirc;ng h&ograve;a tan đ&aacute;ng kể hơn bơ California. Ngo&agrave;i <strong>những thực phẩm gi&agrave;u chất xơ</strong>, bơ được đ&oacute;ng g&oacute;i với chất b&eacute;o l&agrave;nh mạnh gi&uacute;p giảm cholesterol v&agrave; giảm nguy cơ mắc bệnh tim.</span></p>\r\n\r\n<p>&nbsp;</p>\r\n\r\n<p><span style="font-size:16px"><a href="https://wheyshop.vn/wp-content/uploads/2018/05/nhung-thuc-pham-giau-chat-xo-1.jpg"><img alt="những thực phẩm giàu chất xơ" class="aligncenter size-full wp-image-15877" sizes="(max-width: 600px) 100vw, 600px" src="https://wheyshop.vn/wp-content/uploads/2018/05/nhung-thuc-pham-giau-chat-xo-1.jpg" srcset="https://wheyshop.vn/wp-content/uploads/2018/05/nhung-thuc-pham-giau-chat-xo-1.jpg 600w, https://wheyshop.vn/wp-content/uploads/2018/05/nhung-thuc-pham-giau-chat-xo-1-300x225.jpg 300w" style="height:450px; width:600px" title="Cập nhật thông tin về những thực phẩm giàu chất xơ mới nhất" /></a></span></p>\r\n\r\n<p style="text-align:center"><span style="font-size:16px"><em>Quả bơ xanh cung cấp nhiều chất xơ</em></span></p>\r\n\r\n<h2><span style="font-size:16px">2. Quả dừa được sử dụng phổ biến</span></h2>\r\n\r\n<p><span style="font-size:16px">Tổng lượng chất xơ: 7.2 gram mỗi cốc (80 gram).</span></p>\r\n\r\n<p><span style="font-size:16px">C&aacute;c chất dinh dưỡng đ&aacute;ng ch&uacute; &yacute;: Mangan, axit b&eacute;o omega-6, folate, selen.</span></p>\r\n\r\n<p><span style="font-size:16px">Dừa c&oacute; chỉ số đường huyết thấp v&agrave; dễ d&agrave;ng kết hợp v&agrave;o chế độ ăn uống của bạn. Với bốn đến s&aacute;u lần lượng chất xơ như c&aacute;m yến mạch, bột dừa v&agrave; dừa nạo l&agrave; những c&aacute;ch tuyệt vời để th&ecirc;m chất xơ tự nhi&ecirc;n l&agrave;nh mạnh v&agrave;o chế độ ăn uống của bạn. Đối với hầu hết c&aacute;c c&ocirc;ng thức nấu nướng, bạn c&oacute; thể thay thế tới 20% bột dừa cho c&aacute;c loại bột kh&aacute;c.</span></p>\r\n\r\n<p>&nbsp;</p>\r\n\r\n<p><span style="font-size:16px"><a href="https://wheyshop.vn/wp-content/uploads/2018/05/nhung-thuc-pham-giau-chat-xo-2.jpg"><img alt="thuc pham giau chat xo" class="aligncenter size-full wp-image-15878" sizes="(max-width: 600px) 100vw, 600px" src="https://wheyshop.vn/wp-content/uploads/2018/05/nhung-thuc-pham-giau-chat-xo-2.jpg" srcset="https://wheyshop.vn/wp-content/uploads/2018/05/nhung-thuc-pham-giau-chat-xo-2.jpg 600w, https://wheyshop.vn/wp-content/uploads/2018/05/nhung-thuc-pham-giau-chat-xo-2-300x225.jpg 300w" style="height:450px; width:600px" title="Cập nhật thông tin về những thực phẩm giàu chất xơ mới nhất" /></a></span></p>\r\n\r\n<p style="text-align:center"><span style="font-size:16px"><em>Dừa chứa h&agrave;m lượng chất xơ cao</em></span></p>\r\n\r\n<p><span style="font-size:16px">&gt;&gt;&gt; Click để xem th&ecirc;m <a href="https://wheyshop.vn/">những thực phẩm gi&agrave;u chất xơ</a></span></p>\r\n\r\n<h2><span style="font-size:16px">3. Quả sung kh&ocirc; v&agrave; tươi</span></h2>\r\n\r\n<p><span style="font-size:16px">Tổng lượng chất xơ: 1,9 gram tr&ecirc;n một con số lớn (64 gram).</span></p>\r\n\r\n<p><span style="font-size:16px">Chất dinh dưỡng đ&aacute;ng ch&uacute; &yacute;: axit pantothenic, kali, mangan, đồng, vitamin B6.</span></p>\r\n\r\n<p><span style="font-size:16px">Quả sung kh&ocirc; v&agrave; quả sung tươi l&agrave; <strong>những thực phẩm gi&agrave;u chất xơ</strong> tuyệt vời. Kh&ocirc;ng giống như nhiều loại thực phẩm kh&aacute;c, dinh dưỡng quả sung c&oacute; một sự c&acirc;n bằng gần ho&agrave;n hảo của chất xơ h&ograve;a tan v&agrave; kh&ocirc;ng h&ograve;a tan, v&agrave; ch&uacute;ng được kết hợp với hạ huyết &aacute;p v&agrave; bảo vệ chống tho&aacute;i h&oacute;a điểm v&agrave;ng, ngo&agrave;i c&aacute;c lợi &iacute;ch của chất xơ. Ngay cả khi bạn kh&ocirc;ng th&iacute;ch quả sung kh&ocirc;, quả sung tươi ngon v&agrave; c&oacute; thể được thưởng thức tr&ecirc;n đầu trang của ngũ cốc, salad, v&agrave; thậm ch&iacute; nhồi với pho m&aacute;t d&ecirc; v&agrave; mật ong cho một m&oacute;n tr&aacute;ng miệng đặc biệt.</span></p>\r\n\r\n<p>&nbsp;</p>\r\n\r\n<p><span style="font-size:16px"><a href="https://wheyshop.vn/wp-content/uploads/2018/05/nhung-thuc-pham-giau-chat-xo-3.jpg"><img alt="thực phẩm giàu chất xơ" class="aligncenter size-full wp-image-15879" sizes="(max-width: 600px) 100vw, 600px" src="https://wheyshop.vn/wp-content/uploads/2018/05/nhung-thuc-pham-giau-chat-xo-3.jpg" srcset="https://wheyshop.vn/wp-content/uploads/2018/05/nhung-thuc-pham-giau-chat-xo-3.jpg 600w, https://wheyshop.vn/wp-content/uploads/2018/05/nhung-thuc-pham-giau-chat-xo-3-300x225.jpg 300w" style="height:450px; width:600px" title="Cập nhật thông tin về những thực phẩm giàu chất xơ mới nhất" /></a></span></p>\r\n\r\n<p style="text-align:center"><span style="font-size:16px"><em>Quả sung tuy kh&oacute; ăn nhưng rất tốt cho sức khỏe</em></span></p>\r\n\r\n<h2><span style="font-size:16px">4. Atis&ocirc; vừa giải nhiệt vừa gi&agrave;u chất xơ</span></h2>\r\n\r\n<p><span style="font-size:16px">Tổng lượng chất xơ: 10,3 gam chất xơ cho mỗi atis&ocirc; vừa (120 gram).</span></p>\r\n\r\n<p><span style="font-size:16px">C&aacute;c chất dinh dưỡng đ&aacute;ng ch&uacute; &yacute;: Vitamin A, C, E, B, K; kali; canxi; magi&ecirc;; phốt pho.</span></p>\r\n\r\n<p><span style="font-size:16px">&Iacute;t calo v&agrave; gi&agrave;u chất xơ v&agrave; chất dinh dưỡng cần thiết, atis&ocirc; l&agrave; một bổ sung tuyệt vời cho chế độ ăn uống của bạn. Chỉ cần một atis&ocirc; trung b&igrave;nh chiếm gần một nửa số lượng chất xơ đề nghị cho phụ nữ v&agrave; 1/3 lượng cho nam giới.</span></p>\r\n\r\n<p>&nbsp;</p>\r\n\r\n<p><span style="font-size:16px"><a href="https://wheyshop.vn/wp-content/uploads/2018/05/nhung-thuc-pham-giau-chat-xo-4.jpg"><img alt="các thực phẩm giàu chất xơ" class="aligncenter size-full wp-image-15880" sizes="(max-width: 600px) 100vw, 600px" src="https://wheyshop.vn/wp-content/uploads/2018/05/nhung-thuc-pham-giau-chat-xo-4.jpg" srcset="https://wheyshop.vn/wp-content/uploads/2018/05/nhung-thuc-pham-giau-chat-xo-4.jpg 600w, https://wheyshop.vn/wp-content/uploads/2018/05/nhung-thuc-pham-giau-chat-xo-4-300x225.jpg 300w" style="height:450px; width:600px" title="Cập nhật thông tin về những thực phẩm giàu chất xơ mới nhất" /></a></span></p>\r\n\r\n<p style="text-align:center"><span style="font-size:16px"><em>Atiso vừa giải nhiệt vừa cung cấp nhiều chất xơ</em></span></p>\r\n\r\n<p><span style="font-size:16px">&gt;&gt;&gt; Click để xem th&ecirc;m những c&acirc;u hỏi thường gặp về<a href="https://wheyshop.vn/category/vitamin-khoang-chat"> thực phẩm bổ sung</a></span></p>\r\n\r\n<h2><span style="font-size:16px">5. Củ cải từ tự nhi&ecirc;n</span></h2>\r\n\r\n<p><span style="font-size:16px">Tổng lượng chất xơ: 3,1 gam chất xơ mỗi cốc (156 gram).</span></p>\r\n\r\n<p><span style="font-size:16px">C&aacute;c chất dinh dưỡng đ&aacute;ng ch&uacute; &yacute;: Vitamin C, canxi, magi&ecirc;, kali.</span></p>\r\n\r\n<p><span style="font-size:16px">Ở Mỹ, củ cải kh&ocirc;ng được sử dụng đ&uacute;ng mức. Đ&oacute;ng g&oacute;i với <strong>những thực phẩm gi&agrave;u chất xơ</strong> cần thiết v&agrave; một nguồn dinh dưỡng tuyệt vời, củ cải c&oacute; thể được thưởng thức sống hoặc nấu ch&iacute;n.</span></p>\r\n\r\n<p>&nbsp;</p>\r\n\r\n<p><span style="font-size:16px"><a href="https://wheyshop.vn/wp-content/uploads/2018/05/nhung-thuc-pham-giau-chat-xo-5.jpg"><img alt="thực phẩm giàu chất xơ" class="aligncenter size-full wp-image-15881" sizes="(max-width: 600px) 100vw, 600px" src="https://wheyshop.vn/wp-content/uploads/2018/05/nhung-thuc-pham-giau-chat-xo-5.jpg" srcset="https://wheyshop.vn/wp-content/uploads/2018/05/nhung-thuc-pham-giau-chat-xo-5.jpg 600w, https://wheyshop.vn/wp-content/uploads/2018/05/nhung-thuc-pham-giau-chat-xo-5-300x225.jpg 300w" style="height:450px; width:600px" title="Cập nhật thông tin về những thực phẩm giàu chất xơ mới nhất" /></a></span></p>\r\n\r\n<p style="text-align:center"><span style="font-size:16px"><em>Củ cải l&agrave; thực phẩm tự nhi&ecirc;n nhất</em></span></p>\r\n\r\n<h2><span style="font-size:16px">6. Đậu đen chống oxy h&oacute;a</span></h2>\r\n\r\n<p><span style="font-size:16px">Tổng lượng chất xơ: 15 gam chất xơ mỗi cốc (172 gram).</span></p>\r\n\r\n<p><span style="font-size:16px">Chất dinh dưỡng đ&aacute;ng ch&uacute; &yacute;: Protein, thiamine, magi&ecirc;, mangan, phốt pho, folate.</span></p>\r\n\r\n<p><span style="font-size:16px">Đậu đen gi&agrave;u dinh dưỡng v&agrave; cung cấp chất đạm v&agrave; chất xơ tuyệt vời cho chế độ ăn uống của bạn. H&agrave;m lượng flavonoid v&agrave; chất chống oxy h&oacute;a cao gi&uacute;p chống lại c&aacute;c gốc tự do, giảm nguy cơ mắc một số bệnh ung thư v&agrave; c&aacute;c bệnh vi&ecirc;m nhiễm.</span></p>\r\n\r\n<p>&nbsp;</p>\r\n\r\n<p><span style="font-size:16px"><a href="https://wheyshop.vn/wp-content/uploads/2018/05/nhung-thuc-pham-giau-chat-xo-6.jpg"><img alt="thực phẩm giàu chất xơ" class="aligncenter size-full wp-image-15882" sizes="(max-width: 600px) 100vw, 600px" src="https://wheyshop.vn/wp-content/uploads/2018/05/nhung-thuc-pham-giau-chat-xo-6.jpg" srcset="https://wheyshop.vn/wp-content/uploads/2018/05/nhung-thuc-pham-giau-chat-xo-6.jpg 600w, https://wheyshop.vn/wp-content/uploads/2018/05/nhung-thuc-pham-giau-chat-xo-6-300x225.jpg 300w" style="height:450px; width:600px" title="Cập nhật thông tin về những thực phẩm giàu chất xơ mới nhất" /></a></span></p>\r\n', 3, 'image/tin_tuc_the_hinh/dinh_duong_the_hinh/2.jpg'),
(6, 'Khám phá ra CrossFit là gì đối với sức khỏe thể hình', '', '', 2, 'image/tin_tuc_the_hinh/bai_tap_the_hinh/1.jpg'),
(7, 'Squat là gì? Cách tập Squat như thế nào là đúng kỹ thuật?', '', '', 2, 'image/tin_tuc_the_hinh/bai_tap_the_hinh/2.jpg'),
(8, 'Chi tiết lịch tập gym cho người mới tập', '', '', 2, 'image/tin_tuc_the_hinh/bai_tap_the_hinh/3.jpg'),
(9, 'Hướng dẫn cách tập gym giảm mỡ bụng cho nữ', '', '', 2, 'image/tin_tuc_the_hinh/bai_tap_the_hinh/4.jpg'),
(10, 'Ketogenic Diet là gì ? Ketogenic giúp giảm cân tăng cơ?', '', '<h3><span style="font-size:16px">Ketogenic Diet l&agrave; g&igrave; ? Ketogenic gi&uacute;p giảm c&acirc;n tăng cơ?<br />\r\nH&ocirc;m nay Dinh Dưỡng Thể H&igrave;nh sẽ c&ugrave;ng c&aacute;c bạn t&igrave;m hiểu th&ecirc;m về chế độ ăn Keto, l&agrave; 1 chế độ ăn &iacute;t Carbohydrate &nbsp;, gi&agrave;u chất b&eacute;o, rất giống với chế độ ăn low-carb.</span></h3>\r\n\r\n<p><span style="font-size:16px">Rất nhiều cuốn s&aacute;ch đ&atilde; viết về chủ đề giảm c&acirc;n, tăng cơ nhưng rất nhiều bạn vẫn chưa hiểu hết về gi&aacute; trị của phương ph&aacute;p ăn ki&ecirc;ng n&agrave;y. Nhiều &yacute; kiến tr&aacute;i chiều như : Ăn ki&ecirc;ng nhiều sẽ kh&ocirc;ng tốt cho sức khỏe hay lượng cholesterol cao v&agrave; c&oacute; lẽ sẽ bị bệnh tim. Những &yacute; kiến tr&aacute;i chiều ch&uacute;ng đến từ sự thiếu kiến thức. Hầu hết ch&uacute;ng ta đều sợ những thứ m&agrave; ch&uacute;ng ta kh&ocirc;ng hiểu, v&igrave; vậy <a href="https://wheyshop.vn/tin-tuc" target="_blank"><strong>Dinh Dưỡng Thể H&igrave;nh</strong></a> sẽ c&ugrave;ng c&aacute;c bạn l&agrave;m r&otilde; chủ đề n&agrave;y v&agrave; hy vọng gi&uacute;p c&aacute;c bạn hiểu r&otilde; hơn về chế độ ăn ki&ecirc;ng Ketogenic.<br />\r\nNguy&ecirc;n l&yacute; cơ bản của giảm mỡ bằng phương ph&aacute;p <strong><a href="https://wheyshop.vn/ketogenic-diet-la-gi-ketogenic-giup-giam-can-tang-co.html" target="_blank">Keto Diet</a>.</strong></span></p>\r\n\r\n<p><span style="font-size:16px">Mục đ&iacute;ch của keto diet l&agrave; &eacute;p cơ thể của bạn v&agrave;o trạng th&aacute;i bị kh&ocirc; cạn glycogen v&agrave; giữ trạng th&aacute;i <strong>ketosis</strong> (đốt ch&aacute;y mỡ để lấy năng lượng). Để đạt được điều n&agrave;y bạn cần tăng lượng fat ăn v&agrave;o v&agrave; giảm lượng carb tới mức thấp nhất.</span></p>\r\n\r\n<h2><span style="font-size:16px">C&aacute;c loại chế độ ăn keto&nbsp;diet</span></h2>\r\n\r\n<p><span style="font-size:16px"><strong>C&oacute; rất nhiều chế độ ăn keto&nbsp;diet kh&aacute;c nhau, bao gồm:</strong></span></p>\r\n\r\n<ul>\r\n	<li><span style="font-size:16px">Chế độ ăn keto diet&nbsp;ti&ecirc;u chuẩn (Standard ketogenic diet &ndash; SKD): Đ&acirc;y l&agrave; chế độ ăn rất &iacute;t carbohydrate, lượng protein trung b&igrave;nh v&agrave; gi&agrave;u chất b&eacute;o. Th&ocirc;ng thường, tỷ lệ sẽ l&agrave; 5% carb &ndash; 20% protein &ndash; 75% chất b&eacute;o.</span></li>\r\n	<li><span style="font-size:16px">Chế độ ăn keto diet&nbsp;theo chu kỳ (Cyclical ketogenic diet &ndash; CKD): Chế độ ăn n&agrave;y bao gồm c&aacute;c giai đoạn &ldquo;ăn b&ugrave;&rdquo; (refeed) carbohydrate với mức độ cao: v&iacute; dụ, 5 ng&agrave;y ăn keto sau đ&oacute; l&agrave; 2 ng&agrave;y ăn đồ ăn gi&agrave;u carbohydrate</span></li>\r\n	<li><span style="font-size:16px">Chế độ ăn keto diet&nbsp;theo mục đ&iacute;ch (Targeted ketogenic diet &ndash; TKD): Chế độ n&agrave;y sẽ cho ph&eacute;p bạn th&ecirc;m lượng carbohydrate v&agrave;o khi luyện tập.</span></li>\r\n	<li><span style="font-size:16px">Chế độ ăn keto diet&nbsp;gi&agrave;u protein (High-protein ketogenic diet): Chế độ n&agrave;y cũng kh&aacute; giống với chế độa keto ti&ecirc;u chuẩn, nhưng sẽ c&oacute; nhiều protein hơn, th&ocirc;ng thường tỷ lệ 60% chất b&eacute;o &ndash; 35% protein v&agrave; 5% carbohydrate.</span></li>\r\n</ul>\r\n\r\n<p><span style="font-size:16px"><img alt="keto diet là gì" class="aligncenter size-full wp-image-16591" src="https://wheyshop.vn/wp-content/uploads/2018/07/bc734941-6d17-42c7-9306-f927708b519f.jpg" style="height:360px; width:640px" /></span></p>\r\n\r\n<h2><span style="font-size:16px"><strong>Lợi &iacute;ch đến từ Keto Diet</strong></span></h2>\r\n\r\n<ul>\r\n	<li><span style="font-size:16px">Tăng tốc giảm b&eacute;o</span></li>\r\n	<li><span style="font-size:16px">Tăng năng lượng</span></li>\r\n	<li><span style="font-size:16px">Giảm đ&oacute;i khi cutting</span></li>\r\n</ul>\r\n\r\n<p><span style="font-size:16px">Trong chế độ ăn ki&ecirc;ng dựa theo carb, carb được chuyển h&oacute;a th&agrave;nh glucose v&agrave; cơ thể sử dụng n&oacute; l&agrave;m nguồn năng lượng chủ yếu. Glucose kh&ocirc;ng được sử dụng cho năng lượng được chuyển h&oacute;a th&agrave;nh glycogen v&agrave; dự trữ ở gan cho tương lai. Khi c&aacute;c kho dự trự bị đầy, ch&uacute;ng bị &ldquo;tr&agrave;n ra&rdquo;, v&agrave; phần dư thừa được giữ lại dưới dạng chất b&eacute;o hay mỡ, c&aacute;i m&agrave; ch&uacute;ng ta đều rất quen thuộc. L&yacute; do bạn b&eacute;o trong chế độ ăn ki&ecirc;ng dựa theo carb kh&ocirc;ng do ăn mỡ, m&agrave; l&agrave; do lượng carb dư thừa. &ldquo;Nhưng tại sao t&ocirc;i kh&ocirc;ng ăn nhiều thức ăn m&agrave; vẫn b&eacute;o.&rdquo; Điều n&agrave;y do sự kh&aacute;ng lại <strong>insulin</strong>. Bạn c&oacute; lẽ thấy ngạc nhi&ecirc;n về số lượng người đang ở ngưỡng cửa bệnh tiểu đường. Bạn nh&igrave;n thấy bao nhi&ecirc;u người b&eacute;o ph&igrave;? H&atilde;y hỏi một v&agrave;i người trong số họ xem họ ăn g&igrave; v&agrave; ăn bao nhi&ecirc;u. C&aacute; l&agrave; bạn sẽ thấy ngạc nhi&ecirc;n với những c&acirc;u trả lời. Hầu hết mọi người vật lộn với c&acirc;n nặng v&igrave; sự kh&aacute;ng lại <strong>insulin</strong> n&agrave;y, đặc biệt l&agrave; đối với những người c&oacute; tuổi.</span></p>\r\n\r\n<p><span style="font-size:16px">Một yếu tố đ&aacute;ng lưu &yacute; l&agrave; bạn c&oacute; thể khống chế được vấn đề về <strong>insulin</strong> với phương ph&aacute;p ăn ki&ecirc;ng n&agrave;y. Ch&uacute;ng ta đang đối mặt với qu&aacute; nhiều vấn đề về carb, đặc biệt l&agrave; tiểu đường, tim mạch v&agrave;, huyết &aacute;p cao, điều n&agrave;y phần lớn l&agrave; do insulin qu&aacute; cao. Trong 10 tới 15 năm qua, c&aacute;c nh&agrave; khoa học đ&atilde; nhận ra rằng qu&aacute; tr&igrave;nh rối loạn chuyển h&oacute;a thường xảy ra c&ugrave;ng b&eacute;o ph&igrave;, điều n&agrave;y tạo ra bởi sự kh&aacute;ng lại insulin. <strong>Insulin</strong> l&agrave; một h&oacute;c m&ocirc;n tăng v&agrave; giảm c&ugrave;ng với thức ăn m&agrave; ch&uacute;ng ta ăn. Insulin n&ecirc;n được điều chỉnh theo hướng c&oacute; lợi.</span></p>\r\n\r\n<h3><span style="font-size:16px"><strong>Tăng năng lượng</strong></span></h3>\r\n\r\n<p><span style="font-size:16px">Bạn c&oacute; tin n&oacute; hay kh&ocirc;ng, glucose kh&ocirc;ng phải l&agrave; nguồn năng lượng cơ thể ưa th&iacute;ch. Ch&uacute;ng ta thường đề cập đến carb. Vấn đề l&agrave; carb kh&ocirc;ng hiệu quả v&agrave; kh&ocirc;ng đốt ch&aacute;y sạch. </span></p>\r\n\r\n<p><span style="font-size:16px">Dạng fatty axit tự do l&agrave; nguồn năng lượng được cơ thể ưa chuộng hơn. Nhưng với c&aacute;c chế độ ăn ki&ecirc;ng d&ugrave;ng carb, cơ thể &iacute;t c&oacute; dịp sử dụng ch&uacute;ng, v&igrave; glucose kh&ocirc;ng những l&agrave; nguồn c&oacute; sẵn hơn m&agrave; c&ograve;n dễ d&agrave;ng sử dụng. Cơ thể sẽ d&ugrave;ng biện ph&aacute;p dễ nhất v&agrave; biện ph&aacute;p đ&oacute; kh&ocirc;ng phải l&uacute;c n&agrave;o cũng l&agrave; biện ph&aacute;p tốt nhất. Nếu ch&uacute;ng ta cho cơ thể ăn carb, n&oacute; sẽ sử dụng carb. Nếu ch&uacute;ng ta cho n&oacute; ăn fat, ch&uacute;ng sẽ sử dụng fat. </span></p>\r\n\r\n<h3><span style="font-size:16px"><strong>Giảm đ&oacute;i khi cutting</strong></span></h3>\r\n\r\n<p><span style="font-size:16px">N&oacute; kh&aacute; đơn giản. Fat c&oacute; độ đậm đặc dinh dưỡng cao hơn carb. Fat mất nhiều thời gian để ti&ecirc;u h&oacute;a v&agrave; do đ&oacute; n&oacute; tạo cảm gi&aacute;c no d&agrave;i hơn. </span></p>\r\n\r\n<p><span style="font-size:16px">Khi bạn ăn một bữa ăn chủ yếu d&ugrave;ng carb, tăng vọt insulin c&oacute; một v&agrave;i ảnh hưởng. N&oacute; tăng mệt mỏi v&agrave; tạo cho bạn cảm gi&aacute;c đ&oacute;i sau đ&oacute;. Điều n&agrave;y thường thấy ở chế độ ăn ki&ecirc;ng dựa tr&ecirc;n carb. Tất cả li&ecirc;n quan tới c&ugrave;ng một vấn đề: insulin. Để r&otilde; r&agrave;ng hơn, n&oacute; l&agrave; rối loạn h&oacute;a học m&agrave; ch&uacute;ng ta gọi l&agrave; hyper-insulinism. &nbsp;<br />\r\nChế độ ăn keto diet&nbsp;l&agrave; một biện ph&aacute;p giảm c&acirc;n v&agrave; giảm c&aacute;c yếu tố nguy cơ mắc bệnh một c&aacute;ch hiệu quả. Tr&ecirc;n thực tế, c&aacute;c nh&agrave; nghi&ecirc;n cứu chỉ ra rằng chế độ ăn keto c&oacute; lợi &iacute;ch hơn rất nhiều so với chế độ ăn low &ndash; carb. Ngo&agrave;i ra, chế độ keto c&ograve;n c&oacute; thể gi&uacute;p bạn cảm thấy no, trong khi vẫn giảm được c&acirc;n m&agrave; kh&ocirc;ng cần ghi lại lượng calo hay ghi lại những thực phẩm bạn đ&atilde; ăn.</span></p>\r\n\r\n<h3><span style="font-size:16px"><strong>Cutting</strong></span></h3>\r\n\r\n<p><span style="font-size:16px">Khi cutting để giảm lượng mỡ t&iacute;ch trữ. Bạn n&ecirc;n ăn khoảng 20 calo trong đ&oacute; c&oacute; chứa 2 gam protein tr&ecirc;n 1 kg c&acirc;n nặng cơ thể.</span></p>\r\n\r\n<p><span style="font-size:16px">Thức uống sau buổi tập n&ecirc;n bao gồm <strong><a href="https://wheyshop.vn/category/whey-protein-html" target="_blank" title="Whey Protein">Whey Protein</a></strong> v&agrave; nước tr&aacute;i c&acirc;y. C&aacute;i n&agrave;y sẽ được sử dụng lập tức bởi cơ thể để phục hồi lượng glycogen dự trữ bị mất trong cơ thể. Whey l&agrave; loại protein được hấp thụ nhanh hơn hầu hết mọi loại kh&aacute;c. C&aacute;i thay đổi c&ugrave;ng với phương ph&aacute;p ăn ki&ecirc;ng n&agrave;y l&agrave; mức năng lượng. Nếu một người đang c&oacute; mức năng lượng thấp, họ cần ăn th&ecirc;m fat. Nếu qu&aacute; tr&igrave;nh phục hồi ở mức thấp th&igrave; cần ăn th&ecirc;m fat v&agrave; protein. Qu&aacute; tr&igrave;nh chuyển h&oacute;a chất trong cơ thể của mỗi người l&agrave; kh&aacute;c nhau, thậm ch&iacute; khi cutting, một số người c&oacute; thể ăn calo nhiều hơn những người kh&aacute;c.</span></p>\r\n\r\n<h3><span style="font-size:16px"><strong>C&aacute;c lợi &iacute;ch kh&aacute;c của chế độ ăn keto</strong></span></h3>\r\n\r\n<p><span style="font-size:16px">Chế độ ăn keto diet&nbsp;ban đầu l&agrave; một c&ocirc;ng cụ được sử dụng trong việc điều trị c&aacute;c bệnh thần kinh, v&iacute; dụ như động kinh. C&aacute;c nh&agrave; nghi&ecirc;n cứu ng&amp;a', 3, 'image/tin_tuc_the_hinh/dinh_duong_the_hinh/3.jpg'),
(11, 'Carbohyrate là gì ? Vai trò của carbohydrate trong tập gym thể hình và trong đời sống .', '', '<h2><span style="font-size:16px"><a href="https://wheyshop.vn/carbohydrate-la-gi.html">Carbohydrate l&agrave; g&igrave;</a>?</span></h2>\r\n\r\n<p><span style="font-size:16px"><strong>Carbohydrate</strong> &mdash; hay c&ograve;n gọi tắt l&agrave; Carbs&ndash;cung cấp cho cơ thể nguồn năng lượng cần để hoạt động l&agrave; đường, tinh bột, v&agrave; chất xơ &ndash; những hợp chất m&agrave; ch&uacute;ng ta thường nghe n&oacute;i đến. Carbohydrat được tạo ra từ kh&iacute; CO2 c&oacute; trong kh&ocirc;ng kh&iacute;, nước v&agrave; năng lượng mặt trời &ndash; từ những nguồn m&agrave; c&aacute;c nh&agrave; bảo vệ m&ocirc;i trường rất hoan ngh&ecirc;nh. Từ c&aacute;ch n&agrave;y, rất nhiều ph&acirc;n tử đường kh&aacute;c nhau được tạo ra. Những ph&acirc;n tử nhỏ n&agrave;y, c&oacute; h&igrave;nh dạng như những ng&ocirc;i sao năm c&aacute;nh, nối với nhau th&agrave;nh những chuỗi d&agrave;i. Khi rất nhiều c&aacute;c ph&acirc;n tử đường &ndash; khoảng hơn một ng&agrave;n ph&acirc;n tử đường nối kết lại với nhau, n&oacute; tạo th&agrave;nh chất carbohydrate phức hợp. Chất n&agrave;y c&oacute; thể l&agrave; tinh bột hoặc chất xơ. Sữa v&agrave; c&aacute;c sản phẩm từ sữa l&agrave; thực phẩm duy nhất c&oacute; nguồn gốc từ động vật m&agrave; c&oacute; chứa carbs.</span></p>\r\n\r\n<h3><span style="font-size:16px">Carbohydrate l&agrave; tinh bột được chia l&agrave;m hai nh&oacute;m ch&iacute;nh . Carbohydrate đơn giản v&agrave; phức tạp</span></h3>\r\n\r\n<p><span style="font-size:16px">Carbohydrate đơn giản c&ograve;n gọi l&agrave; đường đơn, bao gồm fructose (đường tr&aacute;i c&acirc;y), sucrose (đường ăn), v&agrave; <a href="https://wheyshop.vn/lactose-la-gi.html">lactose</a> (đường sữa). Carbohydrate phức tạp cũng l&agrave;m từ đường nhưng c&aacute;c ph&acirc;n tử đường được nối kết với nhau tạo th&agrave;nh dạng chuỗi d&agrave;i v&agrave; phức tạp hơn, v&agrave; c&oacute; trong chất xơ v&agrave; tinh bột. </span></p>\r\n\r\n<p><span style="font-size:16px"><strong>Carbohydrate</strong> l&agrave; nguồn phần ch&iacute;nh của glucose trong m&aacute;u (đường trong m&aacute;u), l&agrave; nguồn năng lượng ch&iacute;nh của tất cả c&aacute;c tế b&agrave;o trong to&agrave;n bộ cơ thể, v&agrave; l&agrave; nguồn năng lượng duy nhất cho n&atilde;o v&agrave; c&aacute;c tế b&agrave;o hồng cầu. Ngo&agrave;i trừ chất xơ, vốn kh&ocirc;ng ti&ecirc;u h&oacute;a được, cả &nbsp;Carbohydrate đơn giản v&agrave; Carbohydrate phức tạp đều chuyển th&agrave;nh glucose. Lượng glucose chuyển h&oacute;a được sau đ&oacute; sẽ được sử dụng trực tiếp cung cấp năng lượng cho cơ thể hoặc lưu trữ tại gan để cung cấp sau n&agrave;y. Nếu ch&uacute;ng ta ti&ecirc;u thụ nhiều calories hơn nhu cầu của cơ thể, một phần của Carbohydrate sẽ chuyển h&oacute;a th&agrave;nh mỡ t&iacute;ch trữ trong cơ thể. V&igrave; đường đơn c&oacute; cấu tạo đơn giản hơn do đ&oacute; chuyển h&oacute;a th&agrave;nh glucose nhanh hơn, n&ecirc;n lưu &yacute;.</span></p>\r\n\r\n<p><span style="font-size:16px"><img alt="Carbohydrate là gì" class="aligncenter size-full wp-image-16518" src="https://wheyshop.vn/wp-content/uploads/2018/07/149162559.jpg" style="height:426px; width:673px" /></span></p>\r\n\r\n<h3><span style="font-size:16px"><strong>Vai tr&ograve; của carbohydrate trong tập gym thể h&igrave;nh v&agrave; trong đời sống . </strong></span></h3>\r\n\r\n<p><span style="font-size:16px">Carb tham gia cấu tạo cơ thể, cấu tạo m&agrave;ng tế b&agrave;o, nh&acirc;n tế b&agrave;o. L&agrave; thần phần cơ bản của m&ocirc; sụn, da, th&agrave;nh động mạch&hellip;<br />\r\nTham gia v&agrave;o c&aacute;c hoạt động chức năng của cơ thể: miễn dịch, sinh sản, dinh dưỡng v&agrave; chuyển h&oacute;a; qu&aacute; tr&igrave;nh hoạt động của hệ thần kinh, tạo hồng cầu.<br />\r\nCung cấp năng lượng: Đ&acirc;y l&agrave; vai tr&ograve; quan trọng nhất đối với người tập thể h&igrave;nh. Khi carbs được ti&ecirc;u h&oacute;a trong dạ d&agrave;y sẽ được chuyển h&oacute;a th&agrave;nh glucose, fructose v&agrave; galactose. Trong đ&oacute;, glucose chiếm 80%. </span></p>\r\n\r\n<p><span style="font-size:16px"><strong>Carbohydrate</strong> rất quan trọng đối với d&acirc;n tập gym, n&oacute; gi&uacute;p ch&uacute;ng ta cải thiện đ&aacute;ng kể hiệu suất buổi tập, gia tăng năng lượng cho cơ bắp</span></p>\r\n\r\n<p><span style="font-size:16px">Để khỏe mạnh, 60% lượng calories trong cơ thể hằng ng&agrave;y được đề nghị cung cấp từ Carbohydrate. Nếu ch&uacute;ng ta hấp thụ nguồn năng lượng n&agrave;y từ Carbohydrate phức tạp c&oacute; lợi (rau củ, tr&aacute;i c&acirc;y&hellip;), th&igrave; &nbsp;đ&atilde; cung cấp dễ d&agrave;ng cho cơ thể &iacute;t l&agrave; 25 gr chất xơ, đ&uacute;ng với lượng chất xơ đề nghị hằng ng&agrave;y.</span></p>\r\n', 3, 'image/tin_tuc_the_hinh/dinh_duong_the_hinh/4.jpg'),
(12, 'Mass Gainer là gì ? Cách dùng và lợi ích sử dụng Mass Gainer hỗ trợ tăng cân tăng cơ', '', '', 4, 'image/tin_tuc_the_hinh/thuc_pham_bo_sung/1.jpg'),
(13, 'BCAA là gì? BCAA có tác dụng gì ?', '', '', 4, 'image/tin_tuc_the_hinh/thuc_pham_bo_sung/2.jpg'),
(14, 'Có phải phá hủy cơ bắp càng nhiều thì cơ sẽ càng nhanh to ?', 'Có phải phá hủy cơ bắp càng nhiều thì cơ sẽ càng nhanh to ?', '', 3, 'image/tin_tuc_the_hinh/kien_thuc_the_hinh/4.jpg'),
(15, 'Casein là gì? Tác dụng của Casein ?', 'Khi nhắc đến thực phẩm bổ sung , có thể các bạn đã nghe nhiều đến Whey Protein, BCAAs, Pre Workout,.. nhưng vẫn chưa nắm rõ được thêm kiến thức về Casein', '<h2><span style="font-size:16px"><em><strong>Casein l&agrave; g&igrave;?</strong></em></span></h2>\r\n\r\n<p><span style="font-size:16px">Casein hay Protein Casein l&agrave; 1 dạng protein cao cấp c&oacute; trong sữa mẹ, b&ograve;, cừu ,&hellip; gi&uacute;p tăng tổng hợp protein, x&acirc;y dựng cơ bắp, ức chế sự th&egrave;m ăn v&agrave; gi&agrave;u canxi. Protein Casein được coi l&agrave; nguồn bổ sung Protein tốt cho mọi người. </span></p>\r\n\r\n<p><span style="font-size:11px"><a href="https://wheyshop.vn/san-pham/gold-standard-100-casein-2lbs-900g-47-2" target="_blank"><img alt="Casein là gì" class="alignnone size-full wp-image-16573" sizes="(max-width: 1500px) 100vw, 1500px" src="https://wheyshop.vn/wp-content/uploads/2018/07/casein-4lbs-ON.jpg" srcset="https://wheyshop.vn/wp-content/uploads/2018/07/casein-4lbs-ON.jpg 1500w, https://wheyshop.vn/wp-content/uploads/2018/07/casein-4lbs-ON-150x150.jpg 150w, https://wheyshop.vn/wp-content/uploads/2018/07/casein-4lbs-ON-300x300.jpg 300w, https://wheyshop.vn/wp-content/uploads/2018/07/casein-4lbs-ON-768x768.jpg 768w, https://wheyshop.vn/wp-content/uploads/2018/07/casein-4lbs-ON-1024x1024.jpg 1024w, https://wheyshop.vn/wp-content/uploads/2018/07/casein-4lbs-ON-180x180.jpg 180w, https://wheyshop.vn/wp-content/uploads/2018/07/casein-4lbs-ON-600x600.jpg 600w" style="height:520px; width:520px" /></a></span></p>\r\n\r\n<h3><span style="font-size:16px"><em><strong>C&ocirc;ng dụng của Casein đối với việc x&acirc;y dựng v&agrave; ph&aacute;t triển cơ bắp ?</strong></em></span></h3>\r\n\r\n<p><span style="font-size:16px">&ndash; Casein l&agrave; 1 loại protein tham gia trực tiếp v&agrave;o qu&aacute; tr&igrave;nh x&acirc;y dựng cơ bắp.<br />\r\n&ndash; Gi&agrave;u h&agrave;m lượng c&aacute;c acid amin phục hồi , ph&aacute;t triển cơ bắp<br />\r\n&ndash; Khả năng hấp thu dễ d&agrave;ng : với đặc t&iacute;nh hấp thu chậm của Casein gi&uacute;p cho cơ thể dễ d&agrave;ng hấp thu triệt để hơn , ph&aacute;t triển ho&agrave;n hảo hơn .<br />\r\n&ndash; Chứa h&agrave;m lượng lớn <a href="https://wheyshop.vn/category/glutamine" target="_blank"><strong>Glutamine</strong></a> , hơn rất nhiều so với <strong>Whey Protein</strong> v&agrave; c&aacute;c nguồn Protein tự nhi&ecirc;n kh&aacute;c , t&aacute;c dụng của <strong>Glutmine</strong> qu&aacute; r&otilde; r&agrave;ng : tăng cường hệ thống miễn dịch, tăng tổng hợp protein tốt hơn ,phục hồi v&agrave; duy tr&igrave; khối lượng cơ bắp .</span></p>\r\n\r\n<p><span style="font-size:16px"><a href="https://wheyshop.vn/san-pham/ultimate-casein-227kg" target="_blank"><img alt="Casein là gì" class="alignnone size-full wp-image-16575" sizes="(max-width: 1500px) 100vw, 1500px" src="https://wheyshop.vn/wp-content/uploads/2018/07/Prostar-Casein-5lbs.jpg" srcset="https://wheyshop.vn/wp-content/uploads/2018/07/Prostar-Casein-5lbs.jpg 1500w, https://wheyshop.vn/wp-content/uploads/2018/07/Prostar-Casein-5lbs-150x150.jpg 150w, https://wheyshop.vn/wp-content/uploads/2018/07/Prostar-Casein-5lbs-300x300.jpg 300w, https://wheyshop.vn/wp-content/uploads/2018/07/Prostar-Casein-5lbs-768x768.jpg 768w, https://wheyshop.vn/wp-content/uploads/2018/07/Prostar-Casein-5lbs-1024x1024.jpg 1024w, https://wheyshop.vn/wp-content/uploads/2018/07/Prostar-Casein-5lbs-180x180.jpg 180w, https://wheyshop.vn/wp-content/uploads/2018/07/Prostar-Casein-5lbs-600x600.jpg 600w" style="height:481px; width:481px" /></a></span></p>\r\n\r\n<h3><br />\r\n<br />\r\n<span style="font-size:16px"><em><strong>D&ugrave;ng Whey Protein rồi c&oacute; n&ecirc;n sử dụng Casein ?</strong></em></span></h3>\r\n\r\n<p><span style="font-size:16px">Nếu bạn đ&atilde; biết Whey Protein hấp thu cực nhanh phục hồi cơ bắp ngay sau buổi tập th&igrave; Protein Casein lại hấp thu cực chậm trải d&agrave;i .<br />\r\nCơ thể phục hồi v&agrave; ph&aacute;t triển v&agrave;o ban đ&ecirc;m, khi ngủ n&ecirc;n việc bổ sung dinh dưỡng v&agrave; protein ban đ&ecirc;m l&agrave; rất kh&oacute;, kh&ocirc;ng thể đảm bảo c&aacute;c bữa ăn li&ecirc;n tục . Việc sử dụng Protein Casein trải d&agrave;i gi&uacute;p ức chế việc th&egrave;m ăn v&agrave; cảm gi&aacute;c đ&oacute;i khi ngủ, tr&aacute;nh dị h&oacute;a cơ, bổ sung nguồn protein li&ecirc;n tuc trải d&agrave;i gi&uacute;p phục hồi v&agrave; ph&aacute;t triển cơ bắp tối ưu hơn m&agrave; kh&ocirc;ng ảnh hưởng đến giấc ngủ của bạn.<br />\r\n<br />\r\nQua b&agrave;i viết n&agrave;y , c&aacute;c bạn đ&atilde; c&ugrave;ng <a href="https://wheyshop.vn/tin-tuc" target="_blank"><strong>Dinh Dưỡng Thể H&igrave;nh</strong></a> t&igrave;m hiểu v&agrave; hiểu r&otilde; hơn về c&ocirc;ng dụng v&agrave; c&aacute;ch sử dụng Protein Casein đ&uacute;ng c&aacute;ch ,c&ugrave;ng với những t&aacute;c dụng m&agrave; Casein mang lại đối với sự ph&aacute;t triển cơ bắp tối ưu nhất.</span></p>\r\n', 4, 'image/tin_tuc_the_hinh/thuc_pham_bo_sung/3.jpg'),
(16, 'Pre-Workout Tăng Sức Mạnh là gì? Top 5 Pre-Workout Tăng Sức Mạnh Tốt Nhất', 'Pre-Workout Tăng Sức Mạnh là gì? Chắc hẳn nhiều người mới tập thể hình đều nghe về cụm từ Pre Workout – Tăng sức mạnh.', '<h2><span style="font-size:16px"><strong>Pre Workout &ndash;&nbsp; Tăng Sức Mạnh l&agrave; g&igrave;?</strong></span></h2>\r\n\r\n<p><span style="font-size:16px"><strong><span style="color:#99cc00">Pre Workout Tăng Sức Mạnh kh&ocirc;ng phải l&agrave; thuốc k&iacute;ch th&iacute;ch !</span></strong></span></p>\r\n\r\n<p><span style="font-size:16px">Pre Workout Tăng Sức Mạnh l&agrave;&nbsp;<a href="http://localhost/webtpbs/?"><strong>Thực phẩm bổ sung</strong></a>, sử dụng trước mỗi buổi tập từ 20-30 ph&uacute;t. Pre Workout Tăng Sức Mạnh&nbsp;l&agrave; thực phẩm bổ sung uống trước gi&uacute;p bạn tỉnh t&aacute;o hơn, tập trung hơn,tăng sức bền v&agrave; cả sức mạnh, đẩy tạ khỏe hơn v&agrave; sung m&atilde;n hơn. C&ocirc;ng thức ho&agrave;n hảo của Pre Workout Tăng Sức Mạnh l&agrave; <strong><a href="https://wheyshop.vn/tang-suc-manh-caffeine.html" target="_blank">caffeine</a></strong>, <a href="https://wheyshop.vn/category/beta-alanine" target="_blank"><strong>beta alanine</strong></a> v&agrave; <a href="https://wheyshop.vn/creatine-la-gi-tac-dung-cua-no-doi-voi-nguoi-tap-hinh.html"><strong>creatine</strong></a>, gi&uacute;p gia tăng sức mạnh v&agrave; c&oacute; 1 buổi tập đạt hiệu quả cao nhất.</span></p>\r\n\r\n<p><span style="font-size:16px"><a href="https://wheyshop.vn/thuong-hieu/cellucor" target="_blank"><img alt="pre workout là gì" class="alignnone size-full wp-image-16527" sizes="(max-width: 805px) 100vw, 805px" src="https://wheyshop.vn/wp-content/uploads/2018/07/c4-4th-gen-banner.jpg" srcset="https://wheyshop.vn/wp-content/uploads/2018/07/c4-4th-gen-banner.jpg 805w, https://wheyshop.vn/wp-content/uploads/2018/07/c4-4th-gen-banner-300x82.jpg 300w, https://wheyshop.vn/wp-content/uploads/2018/07/c4-4th-gen-banner-768x211.jpg 768w" style="height:221px; width:805px" /></a></span></p>\r\n\r\n<h3><span style="font-size:16px"><strong>T&aacute;c dụng của Pre Workout Tăng Sức Mạnh l&agrave; g&igrave;?</strong></span></h3>\r\n\r\n<p><span style="font-size:16px">Như đ&atilde; giới thiệu ở tr&ecirc;n , Pre Workout Tăng sức mạnh cung cấp cho bạn những th&agrave;nh phần tạo năng lượng , tăng sự tập trung v&agrave; tinh t&aacute;o , gi&uacute;p buổi tập luyện hiệu quả hơn.</span></p>\r\n\r\n<p><span style="font-size:16px">Mục đ&iacute;ch ch&iacute;nh của c&aacute;c thực phẩm bổ trợ Pre Workout Tăng Sức Mạnh l&agrave; tối đa h&oacute;a hiệu quả tập luyện. Điều n&agrave;y đạt được bằng c&aacute;ch tăng khả năng tập trung, tăng năng lượng cơ thể v&agrave; tạo th&agrave;nh sợi d&acirc;y kết nối giữa n&atilde;o bộ v&agrave; sức mạnh; từ đ&oacute; bạn sẽ b&ugrave;ng nổ tốt hơn v&agrave; c&aacute;c qu&aacute; tr&igrave;nh h&oacute;a học b&ecirc;n trong ho&agrave;n to&agrave;n c&oacute; thể gia tăng sức mạnh v&agrave; tự tin đi tới buổi tập với kh&iacute; thế cao độ nhất. Bổ sung trước khi tập với lượng vừa đủ c&oacute; thể gi&uacute;p bạn ho&agrave;n to&agrave;n thay đổi r&otilde; rệt từ b&ecirc;n trong</span></p>\r\n\r\n<p><span style="font-size:16px">Lưu &yacute; : trước khi tập từ 1-2 giờ , bạn n&ecirc;n c&oacute; một bữa ăn nhẹ đầy đủ dinh dưỡng : tinh bột, protein,&hellip; v&agrave; sau tập bổ sung lập tức<a href="https://wheyshop.vn/category/whey-protein-html" target="_blank" title=" Whey"> Whey</a> Protein gi&uacute;p phục hồi cơ bắp nhanh ch&oacute;ng , tr&aacute;nh dị h&oacute;a cơ bắp v&agrave; ph&aacute;t triển cơ bắp tốt hơn .</span></p>\r\n\r\n<p><span style="font-size:16px">&raquo; Xem th&ecirc;m : <a href="https://wheyshop.vn/whey-protein-la-gi.html" target="_blank"><strong>Whey Protein l&agrave; g&igrave;?</strong></a></span></p>\r\n\r\n<h3><span style="font-size:16px"><strong>Tại sao cần bữa ăn nhẹ trước buổi tập ?</strong></span></h3>\r\n\r\n<p><span style="font-size:16px">Việc bổ sung bữa ăn nhẹ trước tập l&agrave; hết sức quan trọng để đạt được hiệu quả cao nhất mỗi buổi tập, đặc biệt l&agrave; buổi tập cường độ cao .</span></p>\r\n\r\n<p><span style="font-size:16px">Một bữa ăn đầy đủ dinh dưỡng : tinh bột, protein, chất b&eacute;o &hellip; sẽ gi&uacute;p cung cấp đầy đủ năng lượng cho buổi tập của bạn. Tr&aacute;nh trường hợp tập bị suy nhược cơ thể, tụt đường huyết hoặc dễ bị chấn thương, dị h&oacute;a cơ bắp do thiếu hụt Carb v&agrave; Protein.</span></p>\r\n\r\n<p><span style="font-size:16px">&raquo; Xem th&ecirc;m : <strong><a href="https://wheyshop.vn/tap-hinh-an-gi.html" target="_blank">T&igrave;m hiểu Tập thể h&igrave;nh n&ecirc;n ăn g&igrave;?</a></strong></span></p>\r\n\r\n<h3><span style="font-size:16px"><strong>Những th&agrave;nh phần tốt nhất v&agrave; thường thấy trong Pre Workout Tăng Sức Mạnh :</strong></span></h3>\r\n\r\n<p><span style="font-size:16px">Trong Pre Workout Tăng sức mạnh chứa rất nhiều th&agrave;nh phần, t&ugrave;y từng nh&agrave; sản xuất , từng c&ocirc;ng thức sẽ c&oacute; nhưng th&agrave;nh phần với t&aacute;c dụng kh&aacute;c. Sau đ&acirc;y sẽ l&agrave; những th&agrave;nh phần quan trọng nhất trong Pre Workout Tăng sức mạnh :</span></p>\r\n\r\n<ul>\r\n	<li><span style="font-size:16px"><a href="https://wheyshop.vn/tang-suc-manh-caffeine.html" target="_blank"><strong>Caffeine</strong></a>: gi&uacute;p bạn lu&ocirc;n minh mẫn, tập trung cao trong c&aacute;c b&agrave;i tập.</span></li>\r\n	<li><span style="font-size:16px"><strong>Tyrosine</strong>: một loại axit tiền th&acirc;n của Neropinephrine, l&agrave; 1 loại hoocmon gi&uacute;p k&iacute;ch th&iacute;ch trảo đổi chất, tăng sức bền v&agrave; sự tập trung</span></li>\r\n	<li><span style="font-size:16px"><a href="https://wheyshop.vn/creatine-la-gi-tac-dung-cua-no-doi-voi-nguoi-tap-hinh.html" target="_blank"><strong>Creatine</strong>:</a> Nếu bạn từng đọc qua b&agrave;i t&igrave;m hiểu về creatine trước đ&acirc;y th&igrave; c&aacute;c bạn đ&atilde; biết creatine l&agrave; một th&agrave;nh phần trong Pre Workout Tăng Sức Mạnh. Với sự g&oacute;p mặt của creatine gi&uacute;p bạn được nạp nhiều năng lượng v&agrave;o cơ bắp để tập luyện tốt hơn.</span></li>\r\n	<li><span style="font-size:16px"><strong>Taurine</strong>: C&oacute; nhiều trong xương, gi&uacute;p tăng độ nhạy với <strong>Insulin</strong>, giảm oxi h&oacute;a v&agrave; đốt ch&aacute;y chất b&eacute;o, cải thiện hiệu suất của cơ bắp.</span></li>\r\n	<li><span style="font-size:16px"><a href="https://wheyshop.vn/san-pham/primaforce-citrulline-malate"><strong>Arginine</strong></a>: đ&oacute;ng vai tr&ograve; quan trọng trong việc ph&acirc;n chia tế b&agrave;o, tăng khả năng miễn dịch v&agrave; sản xuất c&aacute;c hormone cho cơ thể. Ngo&agrave;i ra arginine c&ograve;n l&agrave; một axit amin quan trọng cho hiệu năng tập luyện v&agrave; tăng trưởng cơ bắp.</span></li>\r\n	<li><span style="font-size:16px"><a href="https://wheyshop.vn/san-pham/primaforce-citrulline-malate"><strong>Citruline</strong></a> tăng sự bơm m&aacute;u gi&uacute;p cơ bắp mạnh hơn v&agrave; cảm gi&aacute;c cơ tốt hơn.</span></li>\r\n	<li><span style="font-size:16px"><strong>Beta alanine</strong> : tạo ra carnosine gi&uacute;p trung h&ograve;a lượng ion H+ gi&uacute;p bạn tập nặng hơn , tăng khối lượng cơ v&agrave; sức mạnh hiệu quả hơn.</span></li>\r\n</ul>\r\n\r\n<h3><span style="font-size:16px"><strong>Những ai n&ecirc;n sử dụng sản phẩm Pre Workout Tăng sức mạnh&nbsp;</strong></span></h3>\r\n\r\n<p><span style="font-size:16px">Bất cứ ai cũng c&oacute; thế sử dụng&nbsp;Pre Workout Tăng sức mạnh hỗ trợ tập luyện.</span></p>\r\n\r\n<ul>\r\n	<li><span style="font-size:16px">Nếu bạn thường xuy&ecirc;n mệt mỏi, uể oải sau mỗi ng&agrave;y học v&agrave; l&agrave;m việc d&agrave;i m&agrave; kh&ocirc;ng đủ sức tự tin bước v&agrave;o ph&ograve;ng tập.</span></li>\r\n	<li><span style="font-size:16px">Nếu bạn l&agrave; người tập buổi s&aacute;ng lu&ocirc;n bị cản trở bởi cơn buồn ngủ k&eacute;o d&agrave;i.</span></li>\r\n</ul>\r\n\r\n<p><span style="font-size:16px">Tr&aacute;nh sử dụng sản phẩm với người d&ugrave;ng dưới 16 tuổi, phụ nữ mang thai. Kh&ocirc;ng n&ecirc;n sử dụng&nbsp;Pre Workout Tăng sức mạnh s&aacute;t giờ tập v&agrave; ngủ, v&igrave; thường c&aacute;c sản phẩm&nbsp;Pre Workout Tăng sức mạnh đều chứa caffeine , c&oacute; thể g&acirc;y mất ngủ n&ecirc;n nhạy cảm hoặc sử dụng s&aacute;t giờ ngủ.</span></p>\r\n\r\n<p><span style="font-size:16px"><a href="https://wheyshop.vn/san-pham/mr-hyde-30-lan-dung" target="_blank"><img alt="workout là gì" class="alignnone size-full wp-image-16528" sizes="(max-width: 1889px) 100vw, 1889px" src="https://wheyshop.vn/wp-content/uploads/2018/07/mrhyde-banner222.jpg" srcset="https://wheyshop.vn/wp-content/uploads/2018/07/mrhyde-banner222.jpg 1889w, https://wheyshop.vn/wp-content/uploads/2018/07/mrhyde-banner222-300x98.jpg 300w, https://wheyshop.vn/wp-content/uploads/2018/07/mrhyde-banner222-768x250.jpg 768w, https://wheyshop.vn/wp-content/uploads/2018/07/mrhyde-banner222-1024x334.jpg 1024w" style="height:234px; width:713px" /></a></span></p>\r\n\r\n<p><span style="font-size:16px">Sau khi đ&atilde; t&igrave;m hiểu về Pre Workout Tăng sức mạnh l&agrave; g&igrave;, bạn đang ph&acirc;n v&acirc;n khi muốn lựa chọn Pre Workout Tăng sức mạnh ph&ugrave; hợp với nhu cầu bản th&acirc;n, nhưng lại c&oacute; qu&aacute; nhiều sản phẩm, nhiều h&atilde;ng kh&aacute;c nhau. Vậy c&ugrave;ng tham khảo qua Top 5 sản phẩm Pre Workout Tăng sức mạnh tốt nhất với <a href="https://wheyshop.vn" target="_blank" title="WheyShop">WheyShop</a> nh&eacute;</span></p>\r\n\r\n<h3><span style="font-size:16px"><strong>Top 5 sản phẩm Pre Workout Tăng sức mạnh tốt nhất :</strong></span></h3>\r\n\r\n<ol>\r\n	<li><span style="font-size:16px"><strong><a href="https://wheyshop.vn/san-pham/nutrabio-pre-v5" target="_blank">NutraBio&reg; Pre V.5</a></strong> :<br />\r\n	Được coi l&agrave; d&ograve;ng&nbsp;Pre Workout Tăng sức mạnh tốt nhất hiện nay tr&ecirc;n thị trường, cung cấp đầy đủ:<br />\r\n	&ndash; Leucine ( chống dị h&oacute;a v&agrave; ph&aacute;t triển cơ bắp )<br />\r\n	&ndash; Creatine, Betaine tăng sức mạnh v&agrave; sức bền tập nặng<br />\r\n	&ndash; Beta Alanine , Citrulline, Agmatine tăng sức bền<br />\r\n	&ndash; Tyrosin, Caffeine L-Theamine tăng sự tỉnh t&aacute;o tập trung , &lt;</span></li>\r\n</ol>\r\n', 4, 'image/tin_tuc_the_hinh/thuc_pham_bo_sung/4.jpg');

-- --------------------------------------------------------

--
-- Table structure for table `tbl_news_group`
--

CREATE TABLE IF NOT EXISTS `tbl_news_group` (
`IdNewsGroup` int(156) NOT NULL,
  `NameNewsGroup` varchar(156) COLLATE utf8mb4_unicode_ci NOT NULL
) ENGINE=InnoDB AUTO_INCREMENT=5 DEFAULT CHARSET=utf8mb4 COLLATE=utf8mb4_unicode_ci;

--
-- Dumping data for table `tbl_news_group`
--

INSERT INTO `tbl_news_group` (`IdNewsGroup`, `NameNewsGroup`) VALUES
(1, 'Kiến thức thể hình'),
(2, 'Bài tập thể hình'),
(3, 'Dinh dưỡng thể hình'),
(4, 'Thực phẩm bổ sung');

-- --------------------------------------------------------

--
-- Table structure for table `tbl_producer`
--

CREATE TABLE IF NOT EXISTS `tbl_producer` (
`IdProducer` int(156) NOT NULL,
  `NameProducer` varchar(500) COLLATE utf8mb4_unicode_ci NOT NULL
) ENGINE=InnoDB AUTO_INCREMENT=13 DEFAULT CHARSET=utf8mb4 COLLATE=utf8mb4_unicode_ci;

--
-- Dumping data for table `tbl_producer`
--

INSERT INTO `tbl_producer` (`IdProducer`, `NameProducer`) VALUES
(1, 'Muscle Tech'),
(2, 'Nutifood'),
(3, 'SAN'),
(4, 'Cellucor'),
(5, 'Labrada'),
(6, 'Mutant'),
(7, 'My protein'),
(8, 'Nutrex'),
(9, 'Elite Labs'),
(10, 'Optimun Nutrition'),
(12, 'Venum Nutrition');

-- --------------------------------------------------------

--
-- Table structure for table `tbl_product_detail`
--

CREATE TABLE IF NOT EXISTS `tbl_product_detail` (
`IdProduct` int(156) NOT NULL,
  `NameProduct` varchar(156) COLLATE utf8mb4_unicode_ci NOT NULL,
  `OldPrice` int(156) NOT NULL,
  `NewPrice` int(156) NOT NULL,
  `IdProducer` int(156) NOT NULL,
  `Description` varchar(10000) COLLATE utf8mb4_unicode_ci NOT NULL,
  `IdGroupProduct` int(156) NOT NULL,
  `Amount` int(156) NOT NULL,
  `Image` varchar(500) COLLATE utf8mb4_unicode_ci NOT NULL
) ENGINE=InnoDB AUTO_INCREMENT=63 DEFAULT CHARSET=utf8mb4 COLLATE=utf8mb4_unicode_ci;

--
-- Dumping data for table `tbl_product_detail`
--

INSERT INTO `tbl_product_detail` (`IdProduct`, `NameProduct`, `OldPrice`, `NewPrice`, `IdProducer`, `Description`, `IdGroupProduct`, `Amount`, `Image`) VALUES
(1, 'Lean Body MRP 1 Gói', 0, 60000, 1, '<div class="active entry-content panel" id="tab-description">\r\n<h5>CHI TIẾT SẢN PHẨM</h5>\r\n\r\n<p dir="ltr"><strong><a href="https://wheyshop.vn/san-pham/lean-body-mrp-1-goi-17">Lean Body MRP</a>&nbsp;</strong>l&agrave; một giải ph&aacute;p để tạo l&ecirc;n cơ bắp v&agrave; sự săn chắc ho&agrave;n hảo cho cơ thể. đ&acirc;y l&agrave; loai thực phẩm chức năng gi&agrave;u protein v&agrave; c&aacute;c loại dinh dưỡng cần nạp trong một bữa ăn. Cụ thể, Lean Body MRP cung cấp tất cả những loại protein thiết yếu, c&aacute;c carbohydrates tổng hợp, C&aacute;c axit b&eacute;o cần thiết c&ugrave;ng c&aacute;c loại vitamin v&agrave; chất kho&aacute;ng kh&ocirc;ng thể thiếu đối với cơ thể vận động vi&ecirc;n chuy&ecirc;n nghiệp v&agrave; người tập thể h&igrave;nh thường xuy&ecirc;n. Do đ&oacute;, Lean Boby MRP c&oacute; thể gi&uacute;p k&iacute;ch th&iacute;ch tăng cơ ( mỗi g&oacute;i Lean Body MRP cung cấp 35g protein sinh học cho mỗi sợi cơ). Ngo&agrave;i ra, c&aacute;c protein hỗn hợp t&igrave;m thấy trong Lean Body MRP l&agrave; một sự pha trộn ho&agrave;n hảo trợ gi&uacute;p cho qu&aacute; tr&igrave;nh giải ph&oacute;ng chậm<a href="https://wheyshop.vn/"><strong> protein</strong></a>, để cung cấp cho bạn một d&ograve;ng chảy li&ecirc;n tục c&aacute;c axit amin thiết yếu v&agrave; hỗ trợ tập luyện cơ bắp tốt hơn.</p>\r\n\r\n<p dir="ltr"><strong>C&aacute;ch Sử dụng bột Lean Body MRP</strong></p>\r\n\r\n<p dir="ltr">Bước 1 : Pha 1 g&oacute;i Lean Body MRP với 400ml nước kho&aacute;ng ( hoặc nước &eacute;p hoa quả hay sữa tươi)</p>\r\n\r\n<p dir="ltr">Bước 2 : trộn đều dung dịch bằng c&aacute;ch sử dụng b&igrave;nh lắc hoặc m&aacute;y xay, xay cho đến khi bột tan hết.</p>\r\n\r\n<p dir="ltr">Bước 3 : c&oacute; thể bỏ th&ecirc;m đ&aacute; để hương vị trở n&ecirc;n ngon v&agrave; dễ uống hơn.</p>\r\n\r\n<p dir="ltr">Để đạt được hiệu quả tốt nhất khi sử dụng Lean Body MRP, n&ecirc;n u&oacute;ng sau khi luyện tập thể h&igrave;nh hoặc khi đ&oacute;i.</p>\r\n\r\n<p>&nbsp;</p>\r\n\r\n<p dir="ltr"><strong>Th&agrave;nh phần dinh dưỡng c&oacute; trong bột Lean Body MRP</strong></p>\r\n\r\n<div dir="ltr">\r\n<table>\r\n	<tbody>\r\n		<tr>\r\n			<td>\r\n			<p dir="ltr"><strong>Tổng lượng Calories</strong></p>\r\n			</td>\r\n			<td>\r\n			<p dir="ltr">330</p>\r\n			</td>\r\n			<td>&nbsp;</td>\r\n		</tr>\r\n		<tr>\r\n			<td>\r\n			<p dir="ltr">Calories từ chất b&eacute;o</p>\r\n			</td>\r\n			<td>\r\n			<p dir="ltr">70</p>\r\n			</td>\r\n			<td>&nbsp;</td>\r\n		</tr>\r\n		<tr>\r\n			<td>\r\n			<p dir="ltr"><strong>Tổng lượng Chất b&eacute;o</strong></p>\r\n			</td>\r\n			<td>\r\n			<p dir="ltr">8 g</p>\r\n			</td>\r\n			<td>\r\n			<p dir="ltr"><strong>12%</strong></p>\r\n			</td>\r\n		</tr>\r\n		<tr>\r\n			<td>&nbsp;</td>\r\n			<td>&nbsp;</td>\r\n			<td>&nbsp;</td>\r\n		</tr>\r\n		<tr>\r\n			<td>\r\n			<p dir="ltr">Chất b&eacute;o Saturated</p>\r\n			</td>\r\n			<td>\r\n			<p dir="ltr">2.5 g</p>\r\n			</td>\r\n			<td>\r\n			<p dir="ltr"><strong>13%</strong></p>\r\n			</td>\r\n		</tr>\r\n		<tr>\r\n			<td>\r\n			<p dir="ltr">Chất b&eacute;o chuyển đổi</p>\r\n			</td>\r\n			<td>\r\n			<p dir="ltr">0 g</p>\r\n			</td>\r\n			<td>\r\n			<p dir="ltr"><strong>0%</strong></p>\r\n			</td>\r\n		</tr>\r\n		<tr>\r\n			<td>\r\n			<p dir="ltr"><strong>Cholesterol</strong></p>\r\n			</td>\r\n			<td>\r\n			<p dir="ltr">80 mg</p>\r\n			</td>\r\n			<td>\r\n			<p dir="ltr"><strong>27%</strong></p>\r\n			</td>\r\n		</tr>\r\n		<tr>\r\n			<td>\r\n			<p dir="ltr">Sodium</p>\r\n			</td>\r\n			<td>\r\n			<p dir="ltr">460 mg</p>\r\n			</td>\r\n			<td>\r\n			<p dir="ltr"><strong>19%</strong></p>\r\n			</td>\r\n		</tr>\r\n		<tr>\r\n			<td>\r\n			<p dir="ltr">Potassium</p>\r\n			</td>\r\n			<td>\r\n			<p dir="ltr">660 mg</p>\r\n			</td>\r\n			<td>\r\n			<p dir="ltr"><strong>19%</strong></p>\r\n			</td>\r\n		</tr>\r\n		<tr>\r\n			<td>\r\n			<p dir="ltr"><strong>Tổng lượng Carbohydrates</strong></p>\r\n			</td>\r\n			<td>\r\n			<p dir="ltr">24 g</p>\r\n			</td>\r\n			<td>\r\n			<p dir="ltr"><strong>8%</strong></p>\r\n			</td>\r\n		</tr>\r\n		<tr>\r\n			<td>\r\n			<p dir="ltr">Sợi Dietary</p>\r\n			</td>\r\n			<td>\r\n			<p dir="ltr">8 g</p>\r\n			</td>\r\n			<td>\r\n			<p dir="ltr"><strong>32%</strong></p>\r\n			</td>\r\n		</tr>\r\n		<tr>\r\n			<td>\r\n			<p dir="ltr">Đường</p>\r\n			</td>\r\n			<td>\r\n			<p dir="ltr">6 g</p>\r\n			</td>\r\n			<td>&nbsp;</td>\r\n		</tr>\r\n		<tr>\r\n			<td>\r\n			<p dir="ltr">Protein</p>\r\n			</td>\r\n			<td>\r\n			<p dir="ltr">40 g</p>\r\n			</td>\r\n			<td>\r\n			<p dir="ltr"><strong>80%</strong></p>\r\n			</td>\r\n		</tr>\r\n		<tr>\r\n			<td>&nbsp;</td>\r\n			<td>&nbsp;</td>\r\n			<td>&nbsp;</td>\r\n		</tr>\r\n		<tr>\r\n			<td>\r\n			<p dir="ltr">Vitamin A</p>\r\n			</td>\r\n			<td>&nbsp;</td>\r\n			<td>\r\n			<p dir="ltr"><strong>35%</strong></p>\r\n			</td>\r\n		</tr>\r\n		<tr>\r\n			<td>\r\n			<p dir="ltr">Vitamin C</p>\r\n			</td>\r\n			<td>&nbsp;</td>\r\n			<td>\r\n			<p dir="ltr"><strong>35%</strong></p>\r\n			</td>\r\n		</tr>\r\n		<tr>\r\n			<td>\r\n			<p dir="ltr">Calcium</p>\r\n			</td>\r\n			<td>&nbsp;</td>\r\n			<td>\r\n			<p dir="ltr"><strong>60%</strong></p>\r\n			</td>\r\n		</tr>\r\n		<tr>\r\n			<td>\r\n			<p dir="ltr">Sắt</p>\r\n			</td>\r\n			<td>&nbsp;</td>\r\n			<td>\r\n			<p dir="ltr"><strong>60%</strong></p>\r\n			</td>\r\n		</tr>\r\n		<tr>\r\n			<td>\r\n			<p dir="ltr">Vitamin D</p>\r\n			</td>\r\n			<td>&nbsp;</td>\r\n			<td>\r\n			<p dir="ltr"><strong>35%</strong></p>\r\n			</td>\r\n		</tr>\r\n		<tr>\r\n			<td>\r\n			<p dir="ltr">Vitamin E</p>\r\n			</td>\r\n			<td>&nbsp;</td>\r\n			<td>\r\n			<p dir="ltr"><strong>35%</strong></p>\r\n			</td>\r\n		</tr>\r\n		<tr>\r\n			<td>\r\n			<p dir="ltr">Thiamin</p>\r\n			</td>\r\n			<td>&nbsp;</td>\r\n			<td>\r\n			<p dir="ltr"><strong>40%</strong></p>\r\n			</td>\r\n		</tr>\r\n		<tr>\r\n			<td>\r\n			<p dir="ltr">Riboflavin</p>\r\n			</td>\r\n			<td>&nbsp;</td>\r\n			<td>\r\n			<p dir="ltr"><strong>40%</strong></p>\r\n			</td>\r\n		</tr>\r\n		<tr>\r\n			<td>\r\n			<p dir="ltr">Niacin</p>\r\n			</td>\r\n			<td>&nbsp;</td>\r\n			<td>\r\n			<p dir="ltr"><strong>35%</strong></p>\r\n			</td>\r\n		</tr>\r\n		<tr>\r\n			<td>\r\n			<p dir="ltr">VItamin B6</p>\r\n			</td>\r\n			<td>&nbsp;</td>\r\n			<td>\r\n			<p dir="ltr"><strong>35%</strong></p>\r\n			</td>\r\n		</tr>\r\n		<tr>\r\n			<td>\r\n			<p dir="ltr">Folate</p>\r\n			</td>\r\n			<td>&nbsp;</td>\r\n			<td>\r\n			<p dir="ltr"><strong>40%</strong></p>\r\n			</td>\r\n		</tr>\r\n		<tr>\r\n			<td>\r\n			<p dir="ltr">Vitamin B12</p>\r\n			</td>\r\n			<td>&nbsp;</td>\r\n			<td>\r\n			<p dir="ltr"><strong>35%</strong></p>\r\n			</td>\r\n		</tr>\r\n		<tr>\r\n			<td>\r\n			<p dir="ltr">Biotin</p>\r\n			</td>\r\n			<td>&nbsp;</td>\r\n			<td>\r\n			<p dir="ltr"><strong>35%</strong></p>\r\n			</td>\r\n		</tr>\r\n		<tr>\r\n			<td>\r\n			<p dir="ltr">Axit Pantothenic</p>\r\n			</td>\r\n			<td>&nbsp;</td>\r\n			<td>\r\n			<p dir="ltr"><strong>35%</strong></p>\r\n			</td>\r\n		</tr>\r\n		<tr>\r\n			<td>\r\n			<p dir="ltr">Phosphorus</p>\r\n			</td>\r\n			<td>&nbsp;</td>\r\n			<td>\r\n			<p dir="ltr"><strong>60%</strong></p>\r\n			</td>\r\n		</tr>\r\n		<tr>\r\n			<td>\r\n			<p dir="ltr">Iodine</p>\r\n			</td>\r\n			<td>&nbsp;</td>\r\n			<td>\r\n			<p dir="ltr"><strong>35%</strong></p>\r\n			</td>\r\n		</tr>\r\n		<tr>\r\n			<td>\r\n			<p dir="ltr">Magnesium</p>\r\n			</td>\r\n			<td>&nbsp;</td>\r\n			<td>\r\n			<p dir="ltr"><strong>50%</strong></p>\r\n			</td>\r\n		</tr>\r\n		<tr>\r\n			<td>\r\n			<p dir="ltr">Zinc</p>\r\n			</td>\r\n			<td>&nbsp;</td>\r\n			<td>\r\n			<p dir="ltr"><strong>40%</strong></p>\r\n			</td>\r\n		</tr>\r\n		<tr>\r\n			<td>\r\n			<p dir="ltr">Copper</p>\r\n			</td>\r\n			<td>&nbsp;</td>\r\n			<td>\r\n			<p dir="ltr"><strong>60%</strong></p>\r\n			</td>\r\n		</tr>\r\n		<tr>\r\n			<td>\r\n			<p dir="ltr">Chloride</p>\r\n			</td>\r\n			<td>&nbsp;</td>\r\n			<td>\r\n			<p dir="ltr"><strong>8%</strong></p>\r\n			</td>\r\n		</tr>\r\n	</tbody>\r\n</table>\r\n</div>\r\n\r\n<p><strong>Mua Lean Body MRP </strong>&nbsp;tại với gi&aacute;&nbsp;v&ocirc; c&ugrave;ng hợp l&yacute; tại <a href="https://wheyshop.vn" target="_blank" title="Wheyshop">Wheyshop</a> để tiết kiệm tối đa thời gian nấu ăn v&agrave; thưởng thức hương vị thơm ngon của<strong> <a href="https://wheyshop.vn/sua-tang-co-lieu-co-tot-nhu-chung-ta-tuong-43.html" rel="noopener" target="_blank">sữa tăng cơ</a></strong> gi&agrave;u protein.</p>\r\n</div>\r\n\r\n<p>&nbsp;</p>\r\n', 1, 56, 'image/whey_protein/3.jpg'),
(2, 'AST VP2 Whey Protein Isolate 100% 2lbs (900g)', 800000, 900000, 2, '<h2><span style="font-size:16px"><big>VP2 Whey Protein l&agrave; một thực phẩm chức năng bổ sung gi&uacute;p cơ thể nhận được tối đa lượng protein cần thiết để c&oacute; một bộ cơ bắp ho&agrave;n hảo. Nhưng nghi&ecirc;n cứu gần đ&acirc;y đ&atilde; chỉ ra rằng <strong>AST VP2</strong> Whey Isolate l&agrave; protein d&ugrave;ng để g&acirc;y dựng cơ bắp an to&agrave;n v&agrave; hiệu quả nhất.</big></span></h2>\r\n\r\n<p><span style="font-size:16px"><big><a href="https://wheyshop.vn/category/whey-protein-html" title="Whey Protein">Whey Protein</a> l&agrave; một loại chất dinh dưỡng quan trọng c&oacute; nhiệm vụ bổ sung c&aacute;c chất cho d&acirc;y chằng, g&acirc;n, v&agrave; đặc biệt l&agrave; cơ bắp. L&agrave; một loại chất dinh dưỡng đặc biệt gi&uacute;p cơ thể ph&aacute;t triển tốt, c&aacute;ch gi&uacute;p bạn c&oacute; một cơ thể khỏe mạnh v&agrave; một cơ bắp nhanh ch&oacute;ng l&agrave; hấp thụ lượng protein nhất định. AST VP2 Whey Isolate l&agrave; sản phẩm tốt nhất đảm bảo sức khỏe d&agrave;nh cho người muốn tăng cơ, cho c&aacute;c vận động vi&ecirc;n thể h&igrave;nh hay c&aacute;c vận động vi&ecirc;n thi đấu chuy&ecirc;n nghiệp.</big></span></p>\r\n\r\n<h3>&nbsp;</h3>\r\n\r\n<h3><span style="font-size:16px"><big>Đ&aacute;nh gi&aacute;&nbsp; VP2 Whey Isolate</big></span></h3>\r\n\r\n<p><span style="font-size:16px"><big>-C&ugrave;ng với việc sử dụng c&ocirc;ng nghệ cao nh&agrave; sản xuất đẫ nghi&ecirc;n cứu v&agrave; cho ra sản phẩm c&oacute; hiệu quả cao gi&agrave;nh cho người muốn tăng cơ nhanh hiệu quả v&agrave; an to&agrave;n. AST VP2 Whey Isolate l&agrave; một protein mới được kh&aacute;m ph&aacute; v&agrave; x&acirc;y dựng dựa tr&ecirc;n c&ocirc;ng nghệ h&oacute;a sinh protein, VP2 gi&uacute;p cơ thể hấp thụ gần như ho&agrave;n to&agrave;n chất dinh dưỡng, gi&uacute;p cơ hấp thụ Nitơ l&agrave;m cho cơ bắp ho&agrave;n hảo nhanh nhất c&oacute; thể. C&aacute;c nh&agrave; khoa học đ&atilde; nghi&ecirc;n cứu v&agrave; cho ra đời sản phẩm với c&ocirc;ng nghệ enzyme để cơ thể c&oacute; thể hấp thụ gấp đ&ocirc;i thậm ch&iacute; l&agrave; gấp ba lần lượng protein, VP2 đ&atilde; nghi&ecirc;n cứu cho thấy tốc độ hấp thu c&aacute;c axit amin được tăng l&ecirc;n r&otilde; rệt.</big></span></p>\r\n\r\n<p><span style="font-size:16px"><big>-VP2 c&oacute; hệ thống ph&acirc;n phối hấp thụ tăng cường hỗ trợ cung cấp c&aacute;c axit amin quan trọng trong cơ v&agrave; th&uacute;c đẩy sự tổng hợp protein li&ecirc;n tục, kh&ocirc;ng bị gi&aacute;n đoạn, lượng tế b&agrave;o v&agrave; sự anabol cơ. </big></span></p>\r\n\r\n<p><span style="font-size:16px"><big>-VP2 tạo ra mức cysteine cao trong m&aacute;u. Nghi&ecirc;n cứu đ&atilde; gợi &yacute; điều n&agrave;y l&agrave; cần thiết cho qu&aacute; tr&igrave;nh điều chế protein trong cơ thể.&nbsp;Một lượng cung cysteine tăng cao v&agrave; li&ecirc;n tục dẫn đến sự ph&aacute;t triển của cơ v&agrave; tr&aacute;nh sự đổ vỡ của cơ.&nbsp;Cung cấp cysteine của VP2 c&oacute; thể tăng cường anabolism v&agrave; sức mạnh của cơ. * VP2 cũng c&oacute; h&agrave;m lượng cystine cao (hai axit amin cysteine kết hợp với nhau).&nbsp;Chất dipeptide n&agrave;y cực kỳ hiếm trong c&aacute;c thực phẩm kh&aacute;c v&agrave; chất bổ sung protein.&nbsp;Điều quan trọng l&agrave; sự h&igrave;nh th&agrave;nh glutathione trong cơ thể.</big></span></p>\r\n\r\n<p><span style="font-size:16px"><big>-Glutathione l&agrave; trọng t&acirc;m của tất cả c&aacute;c hệ thống ph&ograve;ng chống oxy h&oacute;a v&agrave; giải độc trong cơ thể ch&uacute;ng ta v&agrave; l&agrave; con đường sinh h&oacute;a thứ ba dẫn đến tăng trưởng cơ v&agrave; tăng sức mạnh.</big></span></p>\r\n\r\n<p><span style="font-size:16px"><big>-Tập luyện nặng v&agrave; cường độ thấp l&agrave;m giảm mức glutathione.&nbsp;Tăng glutathione tế b&agrave;o dẫn trực tiếp đến tăng khối lượng cơ v&agrave; sức mạnh.&nbsp;VP2 th&uacute;c đẩy hỗ trợ mức glutathione để hỗ trợ tăng sức mạnh v&agrave; khối lượng cơ. </big></span></p>\r\n\r\n<h3><span style="font-size:16px"><big>T&aacute;c dụng của VP2 Whey Protein</big></span></h3>\r\n\r\n<p><span style="font-size:16px"><big>&ndash; Gi&uacute;p cơ bắp tăng sức mạnh l&ecirc;n đến 156%</big></span></p>\r\n\r\n<p><span style="font-size:16px"><big>&ndash; Bổ sung tối đa lượng acid amin để cho cơ thể hấp thụ ho&agrave;n to&agrave;n lượng protein từ sản phẩm.</big></span></p>\r\n\r\n<p><span style="font-size:16px"><big>&ndash; Bổ sung h&agrave;m lượng Cystine một c&aacute;ch tối đa, chất n&agrave;y l&agrave; chất c&oacute; rất &iacute;t trong c&aacute;c thức ăn hay c&aacute;c thức uống l&agrave;nh mạnh ta hay dung, n&oacute; gi&uacute;p cơ bắp ph&aacute;t triển một c&aacute;ch nhanh nhất v&agrave; gi&uacute;p cơ thể ph&uacute;c hồi cơ bắp, tr&aacute;nh suy nhược nhờ việc h&igrave;nh th&agrave;nh n&ecirc;n Glutathione.</big></span></p>\r\n\r\n<p><span style="font-size:16px"><big>&ndash; VP2 sẽ gi&uacute;p cơ thể hấp thụ v&agrave; giữ lại Nitơ.</big></span></p>\r\n\r\n<p><span style="font-size:16px"><big>&ndash; Trong VP2 c&oacute; chứa protein nhiều nhất trong bất cứ c&aacute;c sản phẩm hay c&aacute;c thực phẩm chức năng n&agrave;o kh&aacute;c.</big></span></p>\r\n\r\n<p><span style="font-size:16px"><big>Một điều đ&aacute;ng n&oacute;i trong qu&aacute; tr&igrave;nh nghi&ecirc;n cứu sản xuất sản phẩm l&agrave; <a href="https://wheyshop.vn/san-pham/ast-vp2-whey-protein-isolate-100-2lbs-900g-22">AST VP2 Whey Protein Isolate 100%</a> c&oacute; thể d&ugrave;ng với bất cứ loại chất lỏng l&agrave;nh mạnh m&agrave; bạn y&ecirc;u th&iacute;ch như sữa, nước lọc&hellip; thậm ch&iacute; l&agrave; thưc ăn của bạn.</big></span></p>\r\n\r\n<h3><span style="font-size:16px"><big>VP2 v&agrave; iso 100</big></span></h3>\r\n\r\n<p><span style="font-size:16px"><big>2 sản phẩm whey protein isolate được đ&aacute;nh gi&aacute; cao trong l&agrave;ng thể h&igrave;nh chuy&ecirc;n nghiệp.VP2 v&agrave; iso 100 đều l&agrave; những sản phẩm whey protein isolate v&agrave; hydrolyzed cực tinh khiết v&agrave; hấp thụ si&ecirc;u nhanh,l&agrave; whey protein ho&agrave;n hảo nhất tr&ecirc;n thị trường hiện nay.iso 100 chứa 25g protein trong khi Vp2 chứa 24g protein trong 1 serving.Cung cấp lượng calories vừa đủ để cơ bắp hấp thụ tốt nhất.Với h&agrave;m lượng dinh dưỡng chủ yếu l&agrave; protein n&ecirc;n bạn đừng lo sử dụng sản phẩm sẽ bị mập l&ecirc;n hay b&eacute;o bụng,m&agrave; n&oacute; gi&uacute;p bạn ph&aacute;t triển cơ bắp một c&aacute;ch tối đa v&agrave; to&agrave;n diện nhất.</big></span></p>\r\n\r\n<p>&nbsp;</p>\r\n\r\n<h3><span style="font-size:16px"><strong>C&aacute;ch d&ugrave;ng AST VP2 Whey Isolate</strong></span></h3>\r\n\r\n<p><span style="font-size:16px">-Cho 220ml protein v&agrave;o bất cứ dung dịch n&agrave;o bạn y&ecirc;u th&iacute;ch, sau đ&oacute; h&ograve;a tan rồi d&ugrave;ng ngay. Chỉ cần một v&agrave;i động t&aacute;c l&agrave; bạn c&oacute; thể nạp đủ lượng protein cần thiết cho cơ thể, tốt nhất l&agrave; n&ecirc;n uống 30 ph&uacute;t trước khi vận động mạnh hoặc tập luyện cơ bắp. Để hiệu quả được tối đa bạn h&atilde;y sử dụng sản phẩm 2-3 lần một ng&agrave;y</span></p>\r\n\r\n<p>&nbsp;</p>\r\n', 1, 146, 'image/whey_protein/AST_VP2.jpg'),
(3, 'Hydro Whey Zero 4lbs (1.8kg)', 0, 1900000, 1, 'Biotech Hydro whey zero là gì ?\r\nBiotech hydro whey zero là sản phẩm whey thủy phần tinh khiết . Phương pháp này các phân từ protein trong whey bị bẻ gẫy thành các phân tử nhỏ giúp cơ thể hấp thụ tốt nhất và nhanh nhất .\r\n\r\nBên cạnh đó công nghệ để sản xuất và thủy phân sản phẩm hydrolyzed cũng là công nghệ hiện đại và tiên tiến nhất tới nay nên ít có nhà sản xuất nào đầu tư được kĩ thuật để tạo ra loại whey này.\r\n\r\nNhững lợi ích khi sử dụng biotech Hydro whey zero :\r\n\r\nHàm lượng protein cao chiếm tới 92%\r\nBổ sung nhiều Axit amin\r\nHấp thụ nhanh ngay lập tực sau khi tập\r\nTinh bột và chất béo gần như không có\r\nKhông chứa đường\r\nHàm lượng natri thấp\r\nCách dùng : Ngày 2 lần sáng ngủ dậy và sau tập mỗi lần 1 muỗng pha từ 250m-350ml.', 1, 56, 'image/whey_protein/zeno_4lbs.jpg'),
(4, 'Impact Whey Isolate 11lbs (5kg)', 2800000, 2700000, 2, '<div class="active entry-content panel" id="tab-description">\r\n<h2><strong><span style="font-size:85%">Impact whey isolate myprotein l&agrave; g&igrave; ?</span></strong></h2>\r\n\r\n<p>My Protein Impact<a href="https://wheyshop.vn/category/whey-protein-html" target="_blank" title=" Whey"> Whey</a> Isolate l&agrave; một h&igrave;nh thức ri&ecirc;ng biết của Protein Whey Undenatured c&oacute; nghĩa l&agrave; n&oacute; được sản xuất từ một qu&aacute; tr&igrave;nh si&ecirc;u tinh lọc để tạo ra một loại Protein tinh khiết nhất đồng thời giữ lại hầu hết c&aacute;c hoạt t&iacute;nh sinh học của n&oacute;.</p>\r\n\r\n<p>Do qu&aacute; tr&igrave;nh sản xuất phức tạp v&agrave; cẩn thận n&agrave;y, Impact Whey Isolate tối thiểu ho&aacute; chất b&eacute;o v&agrave; carbohydrate (lactose) xuống mức nhỏ nhất (gần bằng 0) với một h&agrave;m lượng protein trong mỗi lần d&ugrave;ng cao nhất từng được sản xuất hiện nay v&agrave; đặc biết nhất ch&iacute;nh l&agrave; 100% protein của Impact Whey Isolate đều l&agrave; <a href="https://wheyshop.vn/">Whey Protein</a> tinh khiết Isolate.</p>\r\n\r\n<h3><span style="font-size:95%"><strong>My protein Impact whey isolate c&oacute; được đ&aacute;nh gi&aacute; tốt kh&ocirc;ng ? </strong></span></h3>\r\n\r\n<p><strong>My protein Impact whey isolate</strong> 1 muỗng 25g cung cấp hơn 22g whey isolate , cực &iacute;t chất b&eacute;o v&agrave; h&agrave;m lương carpbohydrate . Ngo&agrave;i 22g whey isolate ra kh&ocirc;ng c&oacute; th&ecirc;m bất cứ 1 nguồn protein n&agrave;o hỗ trợ v&agrave; phục hồi cơ bắp</p>\r\n\r\n<p><strong><a href="https://wheyshop.vn/sua-tang-co-lieu-co-tot-nhu-chung-ta-tuong-43.html">Sữa tăng cơ</a></strong><strong> Impact Whey Isolate</strong> &nbsp;được sản xuất theo c&ocirc;ng nghệ CFM (Cross-Flow Micro-filtration ) Cross-Flow Micro-lọc diễn ra loại bỏ tất cả chất b&eacute;o v&agrave; cholesterol lactose để lại những nguồn protein tốt nhất c&oacute; thể</p>\r\n\r\n<p><strong>My protein Impact whey isolate</strong> th&iacute;ch hợp cho bất cứ ai đang tham gia hoạt động thể thao nhất l&agrave; trong thể h&igrave;nh My protein isolate bổ sung tốt nhất trong chế độ dinh dưỡng của bạn</p>\r\n\r\n<p>Để đảm bảo sản phẩm của ch&uacute;ng t&ocirc;i l&agrave; chất lượng tốt nhất, ch&uacute;ng t&ocirc;i sử dụng tr&ecirc;n thế giới c&aacute;c nh&agrave; sản xuất h&agrave;ng đầu cho bột mịn v&agrave; hương vị phong ph&uacute;, với cấu amin cao nhất.</p>\r\n\r\n<p>C&aacute;c phần ph&acirc;n đoạn protein l&agrave;: 47% Beta lactoglobulin, 17% Alpha lactalbumin, 1,5% b&ograve; albumin huyết thanh, 2% Immunoglobulin G, 0,5% Lactoferrin, 27% Glycomacropeptide</p>\r\n\r\n<p><img alt="My protein isolate" class="aligncenter" src="https://wheyshop.vn/wp-content/uploads/2016/10/myprotein-impact-wheyprotein-isolate_jpg2011lbs-2.jpg" style="height:362px; width:321px" /></p>\r\n\r\n<p><strong>Hướng dẫn sử dụng My protein Isolate</strong>: Sử d&ugrave;ng ng&agrave;y từ 2 tới 3 lần d&ugrave;ng v&agrave;o thời điểm th&iacute;ch hợp để đạt hiệu quả cao nhất</p>\r\n\r\n<p>( Sử dụng s&aacute;ng v&agrave; sau khi tập luyện l&agrave; 2 thời điểm tốt nhất )</p>\r\n\r\n<p>Myprotein Impact whey isolate 11lbs (5.5kg) l&agrave; sản phẩm c&oacute; gi&aacute; th&agrave;nh tốt nhất hiện nay, 1 t&uacute;i 11lbs được 200 lần sử dụng.</p>\r\n\r\n<p>Impact Whey Isolate l&agrave; l&yacute; tưởng cho bất cứ ai tham gia v&agrave;o tập thể dục thường xuy&ecirc;n v&agrave; đang t&igrave;m kiếm một nguồn protein chất lượng cao xung quanh c&aacute;c buổi tập luyện, hoặc như l&agrave; một lượng protein để tăng ti&ecirc;u thụ protein h&agrave;ng ng&agrave;y.</p>\r\n</div>\r\n\r\n<p>&nbsp;</p>\r\n', 1, 67, 'image/whey_protein/Impact_Whey_Isolate_11lbs.jpg'),
(5, 'Impact Whey Protein (5kg)', 2500000, 2100000, 1, 'Impact whey protein là gì ?\r\nImpact whey protein là sản phẩm của hàng MYPROTEIN cung cấp bổ sung protein , glutamine , bcaa hỗ trợ phục hồi và phát triển cơ .\r\n\r\nNêu bạn đang tim kiếm bột whey giá cả hơp lý mà đem lại giá tri dinh dưỡng tốt thi impact whey là lựa chọn số 1\r\n\r\nImpact whey protein có được đánh giá tốt không ?\r\n– Impact Whey Protein là một sản phẩm được chiết xuất từ sữa bò và phô mát thành dạng bột cao cấp. Sau đó, các nhà phát triển sản phẩm giàu kinh nghiệm đã thêm vào một hợp chất được khoa học chứng minh là thành phần hỗ trợ tăng trưởng cơ bắp.\r\n\r\n– Mỗi lần dùng cung cấp tới 80% hàm lượng Protein trong 20g, 4,5g chuỗi nhánh Axit Amin (BCAA’s), 3,6g Glutamine và Chất béo tổi thiểu 1,9g, Carbonhydrate (1g)\r\n\r\n– Impact whey protein được đánh giá tốt bới gia thành hợp lý , được nhiều sinh viên tin dùng\r\n\r\nCách dùng: 1 muỗng + 180ml nước dùng sáng và sau khi tập.', 1, 47, 'image/whey_protein/Impact_Whey_Protein(5kg).jpg'),
(6, 'Mass Muscle Gainer 10lbs (4.5kg)', 2050000, 2000000, 2, '', 2, 45, 'image/sua_tang_can/Mass_Muscle_Gainer_10lbs_(4.5kg).jpg'),
(7, 'Mass Muscle Gainer 5lbs (2.3kg)', 0, 1150000, 2, '', 2, 56, 'image/sua_tang_can/Mass_Muscle_Gainer_5lbs_(2.3kg).jpg'),
(8, 'MASS TECH EXTREME 2000 (20lbs)', 2700000, 2200000, 5, '', 2, 35, 'image/sua_tang_can/MASS_TECH_EXTREME_2000_(20lbs).jpg'),
(9, 'MUSCLE JUICE REVOLUTION 11lbs ( 5kg )', 1700000, 1600000, 3, '', 2, 75, 'image/sua_tang_can/MUSCLE_JUICE_REVOLUTION_11lbs_( 5kg ).jpg'),
(10, 'Muscle Mass Gainer 12lbs (5.4kg)', 1700000, 1450000, 3, '', 2, 23, 'image/sua_tang_can/Muscle_Mass_Gainer_12lbs_(5.4kg).jpg'),
(11, '1.M.R 30 lần dùng', 0, 500000, 1, 'Pre-workout 1.M.r Vortex được thiết kế để cung cấp năng lượng cho bạn trong việc tập thể dục. Công thức cực kỳ tập trung sẽ đẩy bạn đi qua giới hạn của riêng của bạn, đưa bạn đến cấp độ tiếp theo mà nơi biến đổi thực sự xảy ra. Bạn sẽ bay quanh phòng tập thể dục, nhảy từ máy này sang máy khác. Vì vậy, chuẩn bị sẵn sàng để có cơ bắp của bạn được bơm vào tối đa, có tinh thần tập trung, tối đa hóa mọi nỗ lực duy nhất bạn thực hiện để nâng nặng, tập luyện lâu và chăm chỉ.\r\n+ GABA: Cung cấp người dùng với cảm giác hạnh phúc và hỗ trợ sức khỏe não bộ. GABA được sản xuất tự nhiên trong não với số lượng nhỏ hơn. Tuy nhiên, bổ sung với GABA có tiềm năng để giảm bớt căng thẳng và thúc đẩy mô hình khỏe mạnh.\r\n\r\n+ L-Carnitine Tartrate: Chủ yếu được biết để vận chuyển các Axit béo chuỗi dài vào ma trận của ty lạp thể tế bào cho quá trình Oxy hóa chất béo. Nó gần đây đã được nghiên cứu rằng L-Carnitine có thể đóng một vai trò quan trọng trong việc phục hồi từ tập thể dục.\r\n\r\n+ Cocoa Seed: Chiết xuất hạt ca cao đã được chứng minh là có tác dụng có lợi trên các Enzym tiêu hóa có thể đóng một vai trò quan trọng trong việc quản lý trọng lượng cơ thể.\r\n\r\n+ Yohimbe: Thành phần phổ biến này là nổi tiếng với Alpha-2 nhân vật phản diện và tính thần kinh trung ương. Nó đã được nghiên cứu sử dụng Yohimbe trước khi tập thể dục có thể thúc đẩy giảm béo.\r\n\r\n+ CDP-Choline: Choline là một hợp chất được hình thành nội sinh trong quá trình tổng hợp Phosphatidylcholine từ Choline. CDP-Choline được biết đến để hỗ trợ các mức năng lượng và tăng não của một số dẫn truyền thần kinh.\r\n\r\n+ GBB-EEC: Gamma-Butyrobetaine Ethyl Ester Clorua, cũng gọi là GBB-EEC, là tiền thân của L-Carnitine. GBB-EEC có khả năng không chỉ làm tăng sản xuất của cơ thể L-Carnitine giúp cơ thể chất béo chuyển hóa thành năng lượng, nó cũng có thể hỗ trợ hoạt động thể thao.', 3, 15, 'image/tang_suc_manh/1.M.R_30.jpg'),
(12, 'B-Nox Androrush 35 lần dùng', 0, 800000, 2, 'Thành phần của B-nox Androush\r\nBao gồm các thành phần chính sau :  BULLNOX CHEWIES 6,585mg Preworkout Formula: Creatine Monohydrate, L-Creatine Alpha-Ketoglutarate, Di-Creatine Malate, Beta-Alanine, Taurine, Glucuronolactone, Caffeine, Lepidium Meyenii (Maca) Root, Pausinystalia Yohimbe Bark (Std. To 8% Yohimbine), Xanthoparmelia Scabrosa Bark Extract 10:1, Tribulus Terrestris Seed Extract (Std. To 40% Saponins), Epimedium Leaf Extract (Std. To 40% Saponins), L-Leucine, L-Valine, L-Isoleucine, Medium Chain Triglycerols (MCT), Alpha-Lipoic Acid (ALA), L-Histidine, L-Arginine Alpha-Ketoglutarate, L-Ornithine Alpha-Ketoglutarate, L-Citrulline, L-Arginine Pyroglutamate, Co-Enzyme Q10, Salix Babylonia (White Willow) Bark Extract (Std. To 15% Salicin), Paullinia Cupana Seed (Std. To 50% Caffeine), Citrus Aurantium Extract (Std. To 6% Synephrines), Vinpocetine .\r\n\r\nBên cạnh đó , nó còn có một số thành phần khác như  Maltodextrin, Microcrystalline Cellulose, Citric Acid, Stearic Acid, Natural And Artificial Flavors, Red #40, Magnesium Stearate, Silicon Dioxide And Sucralose.\r\n\r\n Điểm đặc biệt của B-NOX Androrush\r\nSữa tăng cơ B-Nox Androrush sử dụng rất nhiều các thành phần khác nhau . Rất nhiều thành phần trong số đó chúng ta chưa từng nhìn thấy trong các sản phẩm  giảm cân trên thị trường trước đây đã từng có . Đó là bởi vì các thành phần này không được sử dụng để hỗ trợ cho việc giảm cân , nhưng lại rất có tác dụng cho việc tăng cường cơ bắp, tăng cường sức mạnh . Các thành phần này có tác dụng : hỗ trợ phát triển cơ bắp , giúp lưu thong máu tốt hơn, điều hòa năng lượng, cung cấp lượng protein cho cơ thể và tăng khả năng chịu đựng .\r\n\r\nTất cả những thành phần này được sử dụng để tạo ra một sản phẩm hỗ trợ hiệu quả nhất cho những người tập thể hình .', 3, 56, 'image/tang_suc_manh/B-Nox_Androrush.jpg'),
(13, 'C4 Ripped 30 servings', 0, 750000, 2, 'C4 Ripped là gì?\r\nC4 Ripped là sản phẩm cải tiến của C4 phiên bản thường, ngoài chức năng chủ yếu tăng sức mạnh C4 ripped còn hổ trợ cho quá trình giảm mỡ trở nên dễ dàng hơn.\r\n\r\nThành Phần nổi bật trong C4 Ripped\r\n1.6g  CarnoSyn Beta Alanine\r\n\r\n1g Arginine Alpha Ketoglutarate\r\n\r\n1g C4 Ripped Blend (L-Carnitine Tartrate, Green Coffee bean extract, (standardized for Chlorogenic Acids), Capsimax® Cayenne (Capsicum annuum) fruit extract, Coleus forskohlii root extract\r\n\r\nC4 Ripped được tạo ra nhằm phục vụ cho những cá nhân nào đang trong quá trình siết cân mà vẫn lo ngại về vấn đề tích nước trong cơ, làm hạn chế quá trình ép cân vì bản chất tích nước có sẵn trong các dòng Pre-workout.\r\n\r\nC4 Ripped chứa thành một hàm lượng caffeine vừa phải nhầm tạo độ tỉnh táo, ngoài ra thành phần L-Carinitine đóng vai trò chuyển hoá năng lượng trong cơ thể là chất dinh dưỡng có trong tự nhiên. L-carnitine giúp vận chuyển chất béo thành năng lượng cho các cơ quan trong cơ thể như tim, gan, cơ và các tế bào miễn dịch.\r\n\r\nGreen Coffee bean ngoài việc giúp tạo độ minh mẫn còn đốt cháy chất béo dư thừa trong cơ thể, loại bỏ ra bên ngoài, ngoài ra C4 Ripped còn mang them thành phần Capsimax Cayenne ( Ớt Cayene) ngoài công dụng giúp giảm đau cho cơ bắp thành phần này làm giảm sự thèm ăn, tiêu hoá tốt hơn, rút ngắn quá trình giảm cân cho cơ thể.\r\n\r\nThêm vào đó, sản phẩm tăng sức mạnh này có thành phần lá tía tô hỗ trợ giảm cân hiệu quả hơn, giúp cơ thể bạn giảm cân bằng cách kích hoạt việc sản xuất hormone và enzyme đốt cháy chất béo và thúc đẩy quá trình trao đổi chất trong cơ thể\r\n\r\nC4 Ripped là phiên bản Pre Workout tăng sức mạnh phù hợp cho những ai đang trong quá trình giảm cân, là sản phẩm được các vận động viên trên thế giới tin tưởng và sử dụng trong nhiều năm qua.', 3, 24, 'image/tang_suc_manh/C4_Ripped_30.jpg'),
(14, 'C4 Sport 30 servings', 0, 550000, 3, 'BẮT ĐẦU MẠNH MẼ\r\nBạn sẵn sàng cung cấp mọi thứ bạn có khi bạn tập luyện, nhưng mỗi vận động viên ở mọi cấp đều có một điểm chung: mong muốn một khởi đầu mạnh mẽ. Cho dù bạn là một vận động viên bơi lội, một người chạy bộ hay chỉ đơn giản là chạy bộ hàng ngày, hãy tập luyện trước như C4 Sport có thể giúp bạn có được năng lượng cần thiết để vượt qua những khoảnh khắc khó khăn nhất trong hành trình tập thể dục của bạn trước khi “đi” lâu sau khi bạn rời khỏi đường đua hoặc cất cánh bánh răng của mình.\r\n\r\nNĂNG LƯỢNG TỐT HƠN, HIỆU SUẤT TỐT HƠN\r\n\r\nC4 Sport có thể giúp bạn bắt đầu luyện tập lâu hơn và bền bỉ hơn trước.\r\n\r\nC4 Sport kết hợp hai công thức để hỗ trợ hiệu suất và năng lượng thành một:  bao gồm creatine monohydrate cho sức bền cơ bắp, Arginine AKG để tăng lưu lượng máu và giữ cho bạn đi, và Beta Alanine để giúp ngăn ngừa sự mệt mỏi , pha trộn bùng nổ của caffeine và taurine cho tập trung và năng lượng vô song.\r\n\r\nChứng nhận của NSF được tin cậy bởi MLB, NFL, NBA và NCAA quan trọng để đảm bảo rằng những gì của C4 Sport đã tuân theo các tiêu chuẩn nghiêm ngặt và an toàn đối với cơ thể.\r\n\r\nTHỜI GIAN LÀ BÂY GIỜ!\r\n\r\nLấy 1 muỗng của C4 Sport, trộn với 150-200ml nước sử dụng 20-30 phút trước khi tập. Không vượt quá hai muỗng mỗi ngày. Trong quá trình tập luyện của bạn, bạn nên uống nhiều nước.', 3, 18, 'image/tang_suc_manh/C4_Sport_30.jpg'),
(15, 'Alive Men’s Energy 50 viên', 0, 300000, 1, 'Vitamin Tổng Hợp Cho Nam Alive Men’s Energy của Mỹ là công thức mới được thiết đặc biệt dành cho nam giới. Mỗi viên chứa tới 20 loại vitamin và khoáng chất thiết yếu, hỗn hợp 26 loại rau quả hữu cơ và các chất chống oxy hóa mạnh để bổ sung chế độ dinh dưỡng cân đối và góp phần chăm sóc toàn diện cho phái mạnh.\r\n\r\nVitamin Tổng Hợp Cho Nam Alive Men’s Energy giúp xương chắc khỏe, chăm sóc sức khỏe tuyến tiền liệt\r\n\r\nCông dụng của Vitamin Tổng Hợp Cho Nam Alive Men’s Energy của Mỹ\r\n\r\n– Công thức hoàn chỉnh ngày 1 viên, cung cấp 100% giá trị hàng ngày từ 20 vitamin & khoáng chất\r\n\r\n– Cung cấp 60-200mg bột, tinh chất và nước trái cây và rau quả cô đặc trong mỗi lần dùng\r\n\r\n– Giúp cơ thể khoẻ mạnh, cường tráng, tăng sức mạnh cơ bắp\r\n\r\n– Tăng khả năng hấp thu và cân bằng dưỡng chất\r\n\r\n– Giảm sự mệt mỏi, căng thẳng và tăng cường sức đề kháng, cải thiện khả năng làm việc\r\n\r\n– Hỗ trợ cho những người thường xuyên chơi thể thao\r\n\r\n– Bổ sung boron, lutein và lycopene\r\n\r\n– Giúp xương chắc khỏe, chăm sóc sức khỏe tuyến tiền liệt\r\n\r\n– Cung cấp năng lượng và hỗ trợ quá trình chuyển hóa năng lượng\r\n\r\n– Hỗ trợ chức năng tim mạch, cơ\r\n\r\n– Hỗ trợ hệ thống miễn dịch, chống oxy hóa bảo vệ tế bào khỏi tác động của gốc tự do\r\n\r\n– Không chứa Gluten, không gây dị ứng cho người dùng', 4, 25, 'image/vitamin/Alive_Men’s_Energy_50.jpg'),
(16, 'Best Glutamine 50 Lần dùng', 0, 550000, 2, 'Best Glutamine được tìm thấy từ đâu :\r\n\r\nGlutamine được tìm thấy nhiều trong thực phẩm thiên nhiên như: Thịt bò, thịt heo, bắp, phô mai, lòng trắng trứng, sữa, sữa chua, các loại hạt, rau mùi, đậu nành, thịt gia cầm, bắp cải xanh,… các sản phẩm từ sữa và các thực phẩm bổ sung L-Glutamine.\r\n\r\nChức năng của Glutamine ?\r\n\r\nTổng hợp đạm (Protein).\r\n\r\nTăng cường hệ miễn dịch và là nguồn năng lượng cơ bản cho hệ miễn dịch.\r\n\r\nChống nhiễm độc, giảm tác dụng phụ của hóa trị và xạ trị.\r\n\r\nChống lo âu, trầm cảm, stress.\r\n\r\nỔn định tế bào, thúc đẩy sự hồi phục tế bào tổn thương ví dụ bong gân.\r\n\r\nTăng sức chịu đựng của cơ bắp, hồi phục cơ sau tập luyện.\r\n\r\nTăng cường hóc môn tăng trưởng (HGH) lên đến 400% – tăng trao đổi chất – đốt cháy nhanh mỡ thừa – Hệ tiêu hóa khỏe và tạo cơ bắp.\r\n\r\nChống viêm nhiễm, bệnh tật và ung thư.\r\n\r\nTăng cường chức năng não do cùng chất dẫn truyền thần kinh cung cấp dinh dưỡng cho não làm trí nhớ chủ ý tốt hơn, khả năng hồi tưởng tốt hơn, tăng sự chú ý và năng lực tập trung.\r\n\r\nCân bằng lượng insulin do dó kiểm soát lượng đường trong máu do đó ngừa bệnh tiểu đường, hỗ trợ điều trị tiểu đường.\r\n\r\nCách Dùng : Pha 1  Muỗng với 180ml tới 250ml nước có thể dùng trước tập , sau tập , hoặc trong khi tập luyện', 4, 46, 'image/vitamin/Best_Glutamine_50.jpg'),
(17, 'MusclePharm Fish Oil 90 viên', 400000, 350000, 1, 'Fish oil Musclepharm là dầu cá chất lượng cao bổ sung EPA/DHA hỗ trợ cải thiện tim mạch\r\n– Giống như nhiều sản phẩm khác, tính ưu việt của các thành phần nguyên liệu là quan trọng. Dầu cá của MusclePharm đã bước thêm một bước tiến mới để đảm bảo khách hàng của chúng tôi nhận được những sản phẩm tốt nhất.\r\n– Trên thế giới, những sản phẩm dầu cá khác thường có lẫn tạp chất và chúng tôi đã làm việc chăm chỉ để đảm bảo khách hàng của chúng tôi có được dầu cá chất lượng cao nhất không pha lẫn nhiều tạp chất.\r\n– Là một sản phẩm sinh học, dầu cá sẽ hỏng theo thời gian, mùi tanh trong dầu cá có chất lượng thấp thường là kết quả của các nhà sản xuất sử dụng nguyên liệu thô cũ. Bên cạnh sự hấp dẫn khẩu vị, các nguồn này cũng làm suy giảm chất lượng sản phẩm. Nhưng với dầu cá MusclePharm, thành phần nguyên liệu sạch và tươi, sẽ cung cấp cho khách hàng sản phẩm với tiêu chuẩn cao nhất.\r\n– Dầu cá cung cấp các Axit béo Omega-3 EPA và DHA. Những chất béo quan trọng giúp hình thành cấu trúc của màng tế bào, kể cả tế bào cơ bắp. Vì vậy những ai đang tập luyện để phát triển cơ bắp nên được nhận một nguồn cung cấp dồi dào các Omega-3.', 4, 23, 'image/vitamin/MusclePharm_Fish_Oil.jpg'),
(18, 'Opti-Men 150 viên', 0, 650000, 1, 'Vitamin, khoáng chất và những vi chất dinh dưỡng thiết yếu khác là nền tảng cơ bản để xây dựng cơ bắp.Chúng giữ vai trò đảm bảo cho một cơ thể khỏe mạnh, mức năng lượng dồi dào, khả năng thể hiện tốt và sức chịu đựng cao. OPTI-MEN là một công thức bổ sung dinh dưỡng hoàn hảo với 75 thành phần có trong mỗi viên.\r\n\r\n5 HỖN HỢP\r\n\r\n·         Amino Blend: Bao gồm 8 Acids tự do quan trọng (trong đó gồm Arginine, Glutamine và BCAAs). Đây là những chất quan trọng cho sự phát triển và sinh ra cơ bắp nạc.\r\n\r\n·         Viri Blend: Bao gồm 8 Exotic Botanicals & Marine Concentrates được thiết kế dành riêng cho phái mạnh.\r\n\r\n·         Phyto Blend: Bao gồm trên 20 chất chống oxi hóa giàu hoa quả và rau xanh giúp chống lại các dạng tự do.\r\n\r\n·         Enzy Blend; Bao gồm 4 men tiêu hóa đặc biệt giúp gia tăng qúa trình tiêu hoá và hấp thụ.\r\n\r\n·         Opti Blend: Bao gồm trên 25 vitamins và chất khoáng cần thiết, tập trung vào các chất chống oxi hoá và Vitamin B.\r\n\r\nGIẢI PHÁP TOÀN DIỆN\r\n\r\nBạn sẽ không cần phải uống nhiều sản phẩm khác nhau để đáp ứng liều lượng vitamin và khoáng chất hằng ngày. OPTI-MEN cung cấp tất cả các chất cần thiết trong 1 viên và bạn có thể uống sáng, chiều và tối. Thuận tiện và có tất cả trong đó. Nó là 1 hệ thống dưỡng chất hoàn chỉnh cho người đàn ông năng động', 4, 35, 'image/vitamin/Opti-Men_150.jpg'),
(19, 'Best bcaa shredded (25 lần dùng)', 0, 600000, 1, 'BEST BCAA SHAREDDED là gì?\r\nBEST BCAA SHREDDED là sản phẩm cung cấp cho bạn một dạng tiên tiến của axit amin phân nhánh có cấu trúc peptit, để tối ưu hóa sự hấp thụ và sử dụng. Ngoài ra, BEST BCAA SHREDDED  đã được hình thành với carnitine và Citrulline gắn kết với peptit\r\n\r\nTác dụng BEST BCAA SHAREDDED:\r\nPhiên bản BEST BCAA SHAREDDED hội tụ tất cả những gì Gymer cần:\r\n\r\n+BCAA:Các axit amin chuỗi nhánh bao gồm Leucine, Isoleucine và Valine phục hồi cơ, xây dựng cơ nạc, tăng cường hoạt động và tổng hợp protein.Là thứ mà gymer cực cần thiết trong và sau các buổi tập,được đánh giá sản phẩm cần thiết đối với người tập thể hình và người chơi thể thao.\r\n\r\n+Carnitine:Axit amin này giúp đốt cháy chất béo chứa chất béo, và có thể cải thiện hiệu suất,chuyển hóa mỡ thành năng lượng khi tập.Quá hoàn hảo cho một buổi tập gym cường độ cao để đốt cháy lượng mỡ thừa.\r\n\r\n+Citrulline:Cải thiện lưu lượng máu để tăng nồng độ oxit nitơ và bơm cơ, để tăng cường độ bền và hiệu suất.\r\n\r\n+Hỗ trợ cơ bắp tổng hợp protein\r\n\r\n+Giảm quá trình dị hóa\r\n\r\n+Thúc đẩy INSULIN\r\n\r\n+Sản xuất GLUCOSE nội sinh\r\n\r\n+Phục hồi sức bền,tăng khả năng chịu đựng', 5, 42, 'image/giam_can/Best_bcaa_shredded.jpg'),
(20, 'Hydroxycut Hardcore Next Gen 100 viên', 0, 550000, 2, 'Hydroxycut Hardcore Next Gen\r\n– Trong suốt 20 năm qua, Hydroxycut đã mang lại hiệu quả tối ưu – và nó đã được phát triển trong 2 thập niên, Hydroxycut Next Gen là sản phẩm cải tiến của Hydroxycut. Việc gia tăng kết hợp với các thành phần quan trọng đã tạo nên sức mạnh tuyệt đối.\r\n\r\n·         Đã được chứng minh khoa học cho thấy kế quả giảm cân rõ rệt nhờ thành phần mạnh mẽ.\r\n\r\n·         Tăng khả năng sản sinh nhiệt và đẩy nhanh quá trình trao đổi chất.\r\n\r\n·         Tăng khả năng tập trung tinh thần với hàm lượng caffein phù hợp.\r\n\r\n– 290MG CAFFEINE KHAN nghiên cứu khoa học về thành phần đã cho thấy caffein thúc đẩy cơ thể trao đổi chất nhanh hơn, tăng năng lượng và nâng cao sự tập trung.\r\n\r\n– 100MG Tinh Chất Coleus (hay còn được gọi là Coleus forskholii) . Đây là loại thảo dược bán nhiệt đới cổ đã được tin dùng nhiều năm bởi hiệu quả của nó khi kết hợp với caffeine.\r\n\r\n– 75MG Blue scullcap (hay còn được gọi là Scutellaria lateriflora) Một loại thảo dược tạo những tác động đến giác quan của người dùng.\r\n\r\n– 250MG Ophiopogonis Là một loại rể cây ở Đông Nam Á  chứa polysaccharides.\r\n\r\n– 40MG Yohimbe extract (hay còn được gọi là Pausinystalia yohimbe) Yohimbe cung cấp cả hai rauwolscine and yohimbine alkaloids.\r\n\r\n– 20MG GUAYUSA (hay còn được gọi là ILEX GUAYUSA) Một loại trà truyền thống của người dân vùng Amazon cung cấp những tác dụng ít có loại thảo mộc nào có được\r\n\r\nHướng Dẫn Sử Dụng :\r\n\r\n– Đảm bảo bạn đạt được sự thoải mái của bạn với từng giai đoạn trước khi tăng liều lượng của bạn. Hãy phục vụ mỗi 30-60 phút trước khi hai bữa ăn lớn nhất của bạn trong ngày (sáng ví dụ. Và ăn trưa). Không dùng quá 4 viên trong một khoảng thời gian 24 giờ. Tránh ăn vặt và uống 10 ly nước mỗi ngày. Tránh sử dụng trong vòng 5 giờ trước khi đi ngủ. Bạn không nên sử dụng sản phẩm quá 8 tuần.', 5, 62, 'image/giam_can/Hydroxycut_Hardcore_Next_Gen_100.jpg'),
(21, 'L-carnitine Core 16oz ( 473ml )\r\n', 0, 500000, 1, '1.L-carnitine core là gì ?  \r\nL-carnitine core là một loại vitamin đáp ứng các chức năng trong cơ thể.Chức năng chính của  L-carnitine core làm tan mỡ.Giúp cho việc tập luyện của bạn đạt tối đa vì L-carnitine chống tích tụ mỡ,làm tan lượng mỡ thừa thành năng lượng cho bạn trong lúc tập luyện\r\n\r\n2.Tác dụng của L-carnitine core:\r\nGiúp chuyển chất béo trong thức ăn thành năng lượng sử dụng.\r\nHỗ trỡ mạnh quá trình chuyển hóa chất béo trong cơ thể.\r\nĐóng vai trò quan trọng trong quá trình oxy hóa axit béo để tổng hợp ATP.\r\nĐóng vai trò quan trọng trong việc tách các axit béo tự do cho các mô cơ.\r\nThúc đẩy năng lượng cơ bắp.\r\nHỗ trợ phục hồi.', 5, 34, 'image/giam_can/L-carnitine_Core_16oz_( 473ml ).jpg'),
(22, 'Lipo 6 Black Ultra Concentrate', 0, 650000, 2, 'Nutrex Lipo 6 Black Ultra Concentrate là sản phẩm hỗ trợ giảm cân\r\nLiệu có mang lại kết quả to lớn?\r\n\r\n– Công thức cô đặc giúp mang lại siêu kết quả cho quá trình đốt mỡ thừa.\r\n– Chỉ cần 1 viên duy nhất.\r\n– Kích hoạt quá trình trao đổi chất và đốt nhiều Calories hơn.\r\n– Đốt mỡ nhanh hơn – Tiếp xúc nhanh hơn với viên con nhộng và bên trong là chất lỏng.\r\n– Sử dụng trong 1 tháng để nhận thấy kết quả.\r\n\r\nChỉ cần 1 viên và bắt đầu mọi thứ!\r\n\r\nKhuyến cáo: Đây là sản phẩm đốt mỡ mạnh nhất mà chúng tôi từng sản xuất. Nó mạnh tới mức mà bạn chỉ cần sử dụng một viên duy nhất. Đây là công thức cô đặc mở rộng mang lại siêu sức mạnh chỉ trong một viên duy nhất. Nó thiết kế để giúp bạn nhanh chóng phá hủy những nơi mà cơ thể bạn đang tích lũy mỡ kể cả loại mỡ lỳ lợm nhất.\r\n\r\n– Để chắc chắn rằng bạn sẽ đạt được những kết quả to lớn nhất có thể, LIPO 6 Black Ultra Concentrate giúp bạn giảm cảm giác thèm ăn. Hỗ trợ quá trình sinh nhiệt và giúp bạn luôn cảm thấy tràn đầy năng lượng, cảm giác này sẽ theo bạn nhiều giờ liên tục. Để đảm bảo hiệu quả tối ưu LIPO 6 Black Ultra Concentrate được nén trong 1 viên đóng gói dạng con nhộng và bên trong dạng lỏng – Một điều mà ít có sản phẩm nào thực hiện.\r\n\r\n– Và với sức mạnh như vậy bạn chỉ cần 1 viên duy nhất và hoàn thành mọi vấn đề đang vướng phải, thừa cân, quá nhiều mỡ thừa. HÃY NHỚ RẰNG: LIPO 6 Black Ultra Concentrate là một sản phẩm PHÁ HỦY CHẤT BÉO THỪA không giống như những sản phẩm nào từng có.', 5, 28, 'image/giam_can/Lipo_6_Black_Ultra_Concentrate.jpg'),
(23, 'Musclepharm CLA 90 viên', 0, 400000, 2, 'CLA core là gì?\r\nCLA là một axit béo có trong  tự nhiên, thường tập trung trong thịt và dầu cây rum. Musclepharm Cla Core  sẽ giúp bạn nhanh chóng giảm mỡ cơ thể và tăng cường cơ bắp. Theo nghiên cứu hiện nay cho thấy CLA là một loại axit có sẵn, chúng rất an toàn cho người sử dụng. Đây là sản phẩm uy tín và được nhiều người lựa chọn.  VIRGIN OLIVE OIL và  AVOCADO OIL  được chiết xuất hoàn toàn từ 100% tự nhiên giúp cho việc điều hòa chế độ ăn uống hợp lý , hỗ trợ việc giảm ăn và rất tốt cho việc chăm sóc sức khỏe như các bệnh về tim mạch và các bệnh về ung thư.\r\n\r\nNgoài ra, CLA  giúp cho việc chăm sóc sức khỏe như hạ huyết áp, giảm nguy cơ sơ cứng động mạch, giảm dị ứng, ngăn ngừa các bênh ung thư, hạ tiêu đường và rất tốt cho việc giải độc gan.\r\n\r\nCLA core tác dụng gì?\r\nLà một chất chống oxy hóa giúp hạn chế hấp thụ cholesterol, ngăn ngừa các bệnh về tim mạch đồng thời giúp ta cân bằng mức độ ăn uống  hợp lý, lành mạnh cho cơ thể, tăng cường trao đổi chất và giúp phòng ngừa các bệnh về xương. Bên cạnh đó rất tốt cho việc làm đẹp như ngăn ngừa viêm da và giảm sự lão hóa của da, làm da mịn màng  hơn trông thấy.\r\n\r\nGiúp ích cho việc chống lão hóa cho da, tái tạo và làm đẹp làn da , ngăn ngừa viêm ngứa da  mà còn rất tốt cho sức khỏe như tăng cường sức khỏe cho tim, chống các bệnh về ung thư, kiểm soát tốt lượng đường trong máu .\r\n\r\nCách dùng CLA core:\r\nUống 1-2 viên CLA Core vào các bữa sáng, bữa trưa và bữa tối hoặc sử dụng theo sử chỉ dẫn của bác sĩ.\r\n\r\nLưu ý : không dùng  quá liều, không dành cho phụ nữ có thai và cho con bú, người dưới 18 tuổi.', 5, 25, 'image/giam_can/Musclepharm_CLA_90_viên.jpg');
INSERT INTO `tbl_product_detail` (`IdProduct`, `NameProduct`, `OldPrice`, `NewPrice`, `IdProducer`, `Description`, `IdGroupProduct`, `Amount`, `Image`) VALUES
(24, 'Platinum L-Carnitine 180 viên', 700000, 650000, 1, 'Platinum L-carnitine là gì?\r\nL-Carnitine  đóng vai trò chuyển hoá năng lượng trong cơ thể là chất dinh dưỡng có trong tự nhiên. L-carnitine giúp vận chuyển chất béo thành năng lượng cho các cơ quan trong cơ thể như tim, gan, cơ và các tế bào miễn dịch. Nhờ đó L-carnine đóng vai trò khá quan trọng trong việc chuyển hoá chất béo, vì lượng mỡ trong cơ thể không thể chuyển hoá thành năng lượng nếu không có L-carnitine.\r\n\r\nTác dụng của  L-carnitne ?\r\nTạo ra năng lượng từ chất béo (chuyển hóa chất béo)\r\nBảo đảm sức bền cho não và cơ thể\r\nCung cấp năng lượng cho tim và các tế bào miễn dịch.\r\nTrong thức ăn hằng ngày thường có  L-carnitine hiện diện trong thịt bò, thịt thỏ, thịt heo, cá nấm sữa, phô mai, trái cây…  nhưng trong số đó ngoài L-carnitne ra chúng còn chứa thêm nhiều thành phần khác. Cho nên L-carnitine được nhà sản xuất Muscletech một sản phẩm thuần Carnitine nhầm phục vụ cho nhu cầu sử sụng của người tiêu dùng. L-carnitine là sản phẩm chuyển hoá chất béo thành năng lượng là sản phẩm hổ trợ cho quá trình tang cơ giảm mỡ.', 5, 19, 'image/giam_can/Platinum_L-Carnitine_180_viên.jpg'),
(25, 'BarPad Gánh Đùi Squats Valeo', 250000, 150000, 1, 'Thích tập Squat! Nhưng các thương tổn trên da do thanh đòn gây ra.\r\n\r\n–         Ửng đỏ\r\n\r\n–         Trầy xước\r\n\r\n–         Vỡ mạch máu dưới da, do áp lực tạ nặng\r\n\r\nHay tư thế tập mất tự tin, thiếu vững chắc khiến thanh đòn trơn trượt gây nên những tai nạn tập luyện không đáng có.\r\n\r\nKhiến bạn lo lắng?\r\n\r\nHãy thử dùng ngay Barpad!\r\n\r\nĐược làm từ chất liệu cao cấp, lõi xốp mềm mại bên trong, vải bọc dày dặn bên ngoài, Barpad có tác dụng, bảo vệ cổ gáy, không gây chấn thương, giữ thăng bằng tư thế khi tập.\r\n\r\nBarpad được thiết kế vững chắc, độ dài 40cm dài hơn vai 1 chút, phù hợp với tất cả thanh đòn.\r\n\r\nMiếng dán trải dài trên thân Barpad, đóng mở tiện lợi, điều chỉnh độ chặt dễ dàng.', 6, 48, 'image/phu_kien/BarPad_Gánh_Đùi_Squats_Valeo.jpg'),
(26, 'Dây Quấn Gối VaLeo', 0, 399000, 2, 'CHI TIẾT SẢN PHẨM\r\n 1.    Tại sao phải sử dụng dây quấn gối\r\n\r\nKhi tập luyện thể dục thể thao, những gì liên quan đến khớp thì chúng ta không thể đùa giỡn, khớp gối là 1 khớp lớn nhất trên cơ thể con người. Và khi thực hiện các bài tập về cơ chân, lưng, mông thì khớp gối chịu 1 áp lực vô cùng khủng khiếp. Có bao giờ bạn gánh đùi hay deadlift mà cẩm thấy chân mình rung rung (đó là khi khớp gối đang chống chọi với khối lượng cơ thể bạn + khối lượng tạ), hay có những âm thanh cụp cụp nho nhỏ phát ra? Đó cũng là dấu hiệu của khớp gối đang báo động. Do đó, khi tập luyện người ta luôn cố gắng nghiên cứu phương pháp nào giảm tải áp lực lên khớp gối. Nhưng chừng đó vẫn chưa đủ, người ta mới phát minh ra 1 loại thiết bị bảo vệ khớp gối chuyên dụng cho squats; là cái mà tôi đã, đang và sẽ tiếp tục đề cập đến các bạn (Các bạn đừng lầm tưởng các thiết bị bó gối trong môn thể thao bóng chuyền hay võ thuật nhé), khi nói đến GYM thì các thiết bị bảo hộ của những môn thể thao khác không thể áp dụng vào được\r\n\r\n2.    Tại sao chọn Dây Quấn Gối VaLeo\r\n\r\nNhư các bạn thấy trên hình, Dây Quấn Gối VaLeo của chúng tôi có chiều dài 2m, độ rộng 8cm, nguyên liệu 100% coton cao cấp\r\n\r\n3.    Những nét đáng chú ý dây quấn gối Valeo\r\n\r\nChất liệu coton cao cấp, nét thẩm mỹ cao cấp, sang trọng giúp bạn hoàn toàn tự tin trước người khác\r\n\r\nDài 2m, rộng 8cm giúp diện tích bảo vệ lớn hơn, gối vững chắc, mạnh mẽ hơn trong hoạt động.\r\n\r\nThiết kế nam tính, mạnh mẽ, chuyên nghiệp.\r\n\r\nTuyệt vời khi dùng chung với đai lưng\r\n\r\nCó thể điều chỉnh tối đa để tương thích với nhiều loại khớp gối khác nhau\r\n\r\nTuổi thọ và độ bền cơ học rất cao', 6, 19, 'image/phu_kien/Dây_Quấn_Gối_VaLeo.jpg'),
(27, 'Đai Cứng Valeo 4inch', 500000, 350000, 2, 'Đai lưng tập thể hình: được thiết kế giúp bạn bảo vệ, phần dưới của cột sống. Khi tập các động tác khó, và nặng như nâng tạ, sẽ giúp cơ hoành, cơ cột sống co và cứng để bảo vệ sức ép bên trong bụng.', 6, 27, 'image/phu_kien/Đai_Cứng_Valeo_4inch.jpg'),
(28, 'Đai Mêm VaLeo', 299000, 150000, 1, '1. Tập lưng, đùi sau, tay trước, vai\r\n\r\nTất cả những bài tập trên chỉ cần 1 chiếc đai mềm là sẽ hỗ trợ bạn tập thật tốt. Với kỹ thuật thiết kế thẫm mỹ cao, chiếc đai lưng ngoài nhiệm vụ hỗ trợ tập luyện đắc lực, còn là 1 vật trang sức không thể thiếu khi đến GYM, được quấn quanh bụng sẽ làm cho hình ảnh bạn trở nên đẹp hơn so với chiếc áo rộng thùng thình đơn sắc làm mất đi vẻ đẹp thẩm mỹ vốn có ở 1 GYMER..\r\n\r\n2.    Thế mạnh của đai mềm\r\n\r\nĐai mềm được thiết kế bằng nguyên liệu da tổng hợp (tức là da nhân tạo) do đó sẽ có nhiều mẫu mã đẹp, thời trang. Còn đứng về góc độ tiện dụng chiếc đai mềm sẽ dễ dàng tháo ra lắp vào (nhanh hơn rất nhiều so với đai cứng) bởi đai mềm không sử dụng miếng khóa kim loại mà đơn giản chỉ là miếng dính có độ dài tốt mà thôi, ngoài ra việc đeo 1 chiếc đai mềm cũng sẽ nhẹ nhàng và thoải mái cho tập luyện rất nhiều (khối lượng chỉ bằng 1/4-1/2 chiếc đai cứng mà thôi).\r\n\r\n3. Cách chọn mua đai mềm\r\n\r\nKhông quá phức tạp nhưng đai mềm cũng có nhiều phiên bản chế tạo khác nhau, ở đây tôi xin mạn phép đề cập đến những phiên bản đai mềm cao cấp được sản xuất dựa theo tiêu chuẩn thể hình chuyên nghiệp mà thôi. Đa phần những loại đai này là tốt tuy nhiên các bạn chú ý ở những đặc điểm sau đây:', 6, 15, 'image/phu_kien/Đai_Mêm_VaLeo.jpg'),
(29, 'Đai Mềm Valeo 7inch', 395000, 280000, 3, 'Tác dụng bảo vệ cột sống của đai lưng tập thể hình\r\n–  Đai lưng tập thể hình: được thiết kế giúp bạn bảo vệ, phần dưới của cột sống. Khi tập các động tác khó, và nặng như nâng tạ, sẽ giúp cơ hoành, cơ cột sống co và cứng để bảo vệ sức ép bên trong bụng.\r\n\r\n–  Khi Mang đai lưng tập GYM, giúp bạn tự tin hơn, thoải mái hơn để tập cường độ cao hơn mà không sợ bị chấn thương.\r\n\r\n–  Đai lưng tập thể hình: còn giúp tạo nhiều sức ép lên vùng bụng, khiến cột sống mạnh mẽ hơn, giúp bạn cải thiện sự thăng bằng và ổn định trong các bài tập.', 6, 23, 'image/phu_kien/Đai_Mềm_Valeo_7inch.jpg'),
(30, 'Nitro Tech 4lbs ( 1.8kg)', 0, 1350000, 7, '', 1, 26, 'image/whey_protein/Nitro_Tech_4lbs_( 1.8kg).jpg'),
(31, 'Nitro Tech Power 4lbs (1.8kg)', 1650000, 1450000, 9, '', 1, 26, 'image/whey_protein/Nitro_Tech_Power_4lbs_(1.8kg).jpg'),
(32, 'Nitrotech whey gold (5,5lbs)', 0, 1550000, 4, '', 1, 15, 'image/whey_protein/Nitrotech_whey_gold_(5,5lbs).jpg'),
(33, 'Platinum HydroWhey 3.5lbs ( 1.59kg)', 1600000, 1590000, 3, '', 1, 14, 'image/whey_protein/Platinum_HydroWhey_3.5lbs_(1.59kg).jpg'),
(36, 'Prostar 100% Whey Protein 2lbs ( 900g )', 0, 800000, 3, '', 1, 12, 'image/whey_protein/2.jpg'),
(37, 'Prostar 100% Whey Protein 5lbs (2.3kg)', 1800000, 1350000, 8, '', 1, 12, 'image/whey_protein/1.jpg'),
(41, 'Yến Mạch Nguyên Hạt Nhập Từ Mỹ – Quaker Oats Old Fashioned\r\n', 500000, 350000, 3, '', 5, 26, 'image/giam_can/1.jpg'),
(42, 'Myprotein ½ Gallon Hydrator\r\n', 280000, 200000, 3, '', 6, 25, 'image/phu_kien/1.jpg'),
(43, 'Shaker BPI 1 Ngăn\r\n', 0, 150000, 2, '', 6, 46, 'image/phu_kien/2.jpg'),
(44, 'Shaker Core 150\r\n', 270000, 220000, 2, '', 6, 23, 'image/phu_kien/3.jpg'),
(45, 'Shaker Jay Cutler\r\n', 0, 200000, 6, '', 6, 56, 'image/phu_kien/4.jpg'),
(46, 'Quấn Cổ Tay Whey Shop\r\n', 200000, 140000, 3, '', 6, 26, 'image/phu_kien/5.jpg'),
(47, 'Lifting Hooks Valeo\r\n', 249999, 170000, 4, '', 6, 18, 'image/phu_kien/6.jpg'),
(48, 'Shaker Myprotein 1 Ngăn\r\n', 0, 150000, 2, '', 6, 25, 'image/phu_kien/7.jpg'),
(49, 'Shaker Phil Heath\r\n', 0, 200000, 2, '', 6, 23, 'image/phu_kien/8.jpg'),
(50, 'Mutant Mass ( 2.3kg )', 0, 900000, 2, '', 2, 45, 'image/sua_tang_can/2.jpg'),
(52, 'MUTANT MASS (6.8kg)', 0, 1900000, 5, '', 2, 72, 'image/sua_tang_can/3.jpg'),
(53, 'Premium Mass Gainer 12lbs (5.4kg)', 1400000, 1300000, 6, '', 2, 42, 'image/sua_tang_can/1.jpg'),
(54, 'Serious Mass 12lbs (5.4kg)', 1450000, 1250000, 3, '', 2, 46, 'image/sua_tang_can/Serious_Mass_12lbs_(5.4kg).jpg'),
(55, 'Serious Mass 6lbs (2.7kg)', 0, 850000, 7, '', 2, 82, 'image/sua_tang_can/Serious_Mass_6lbs_(2.7kg).jpg'),
(56, 'Mass Effect Revolution 13lbs (5.9kg)', 0, 1600000, 2, '', 2, 10, 'image/sua_tang_can/MassEffectRevolution13lbs(5.9kg).jpg'),
(57, 'MASS TECH EXTREME 2000 (7lbs)', 0, 1200000, 6, '', 2, 82, 'image/sua_tang_can/MASS_TECH_EXTREME_2000_(7lbs).jpg'),
(58, 'E.S.P 90 servings', 0, 800000, 3, '', 3, 29, 'image/tang_suc_manh/1.jpg'),
(59, 'Dymatize Pre – Workout 20 lần dùng', 950000, 850000, 6, '', 3, 28, 'image/tang_suc_manh/2.jpg'),
(60, 'Creatine monohydrate MyProtein 500g', 0, 450000, 2, '', 3, 38, 'image/tang_suc_manh/3.jpg'),
(61, 'BetanCourt Creatine 300g', 0, 400000, 5, '', 3, 38, 'image/tang_suc_manh/4.jpg'),
(62, 'Mutant Iso Surge 5LBS (2.3kg)', 2000000, 1900000, 5, '', 1, 61, 'image/whey_protein/5.jpg');

-- --------------------------------------------------------

--
-- Table structure for table `tbl_product_group`
--

CREATE TABLE IF NOT EXISTS `tbl_product_group` (
`IdGroupProduct` int(156) NOT NULL,
  `NameGroupProduct` varchar(156) COLLATE utf8mb4_unicode_ci NOT NULL
) ENGINE=InnoDB AUTO_INCREMENT=7 DEFAULT CHARSET=utf8mb4 COLLATE=utf8mb4_unicode_ci;

--
-- Dumping data for table `tbl_product_group`
--

INSERT INTO `tbl_product_group` (`IdGroupProduct`, `NameGroupProduct`) VALUES
(1, 'Whey protein'),
(2, 'Sữa tăng cân'),
(3, 'Tăng sức mạnh'),
(4, 'Vitamin'),
(5, 'Hỗ trợ giảm cân'),
(6, 'Phụ kiện');

--
-- Indexes for dumped tables
--

--
-- Indexes for table `tbl_admin`
--
ALTER TABLE `tbl_admin`
 ADD PRIMARY KEY (`IdAdmin`);

--
-- Indexes for table `tbl_bill`
--
ALTER TABLE `tbl_bill`
 ADD PRIMARY KEY (`IdBill`), ADD KEY `IdCustomer` (`IdCustomer`);

--
-- Indexes for table `tbl_bill_detail`
--
ALTER TABLE `tbl_bill_detail`
 ADD PRIMARY KEY (`Id`), ADD KEY `product_id` (`product_id`), ADD KEY `bill_id` (`bill_id`);

--
-- Indexes for table `tbl_combo`
--
ALTER TABLE `tbl_combo`
 ADD PRIMARY KEY (`Idcombo`);

--
-- Indexes for table `tbl_customer`
--
ALTER TABLE `tbl_customer`
 ADD PRIMARY KEY (`IdCustomer`);

--
-- Indexes for table `tbl_employee`
--
ALTER TABLE `tbl_employee`
 ADD PRIMARY KEY (`IdEmployee`);

--
-- Indexes for table `tbl_news_detail`
--
ALTER TABLE `tbl_news_detail`
 ADD PRIMARY KEY (`IdNews`), ADD KEY `IdNewsGroup` (`IdNewsGroup`);

--
-- Indexes for table `tbl_news_group`
--
ALTER TABLE `tbl_news_group`
 ADD PRIMARY KEY (`IdNewsGroup`);

--
-- Indexes for table `tbl_producer`
--
ALTER TABLE `tbl_producer`
 ADD PRIMARY KEY (`IdProducer`);

--
-- Indexes for table `tbl_product_detail`
--
ALTER TABLE `tbl_product_detail`
 ADD PRIMARY KEY (`IdProduct`), ADD KEY `IdProducer` (`IdProducer`), ADD KEY `IdGroupProduct` (`IdGroupProduct`);

--
-- Indexes for table `tbl_product_group`
--
ALTER TABLE `tbl_product_group`
 ADD PRIMARY KEY (`IdGroupProduct`);

--
-- AUTO_INCREMENT for dumped tables
--

--
-- AUTO_INCREMENT for table `tbl_admin`
--
ALTER TABLE `tbl_admin`
MODIFY `IdAdmin` int(156) NOT NULL AUTO_INCREMENT,AUTO_INCREMENT=3;
--
-- AUTO_INCREMENT for table `tbl_bill`
--
ALTER TABLE `tbl_bill`
MODIFY `IdBill` int(156) NOT NULL AUTO_INCREMENT,AUTO_INCREMENT=40;
--
-- AUTO_INCREMENT for table `tbl_bill_detail`
--
ALTER TABLE `tbl_bill_detail`
MODIFY `Id` int(11) NOT NULL AUTO_INCREMENT,AUTO_INCREMENT=41;
--
-- AUTO_INCREMENT for table `tbl_combo`
--
ALTER TABLE `tbl_combo`
MODIFY `Idcombo` int(11) NOT NULL AUTO_INCREMENT,AUTO_INCREMENT=17;
--
-- AUTO_INCREMENT for table `tbl_customer`
--
ALTER TABLE `tbl_customer`
MODIFY `IdCustomer` int(156) NOT NULL AUTO_INCREMENT,AUTO_INCREMENT=10;
--
-- AUTO_INCREMENT for table `tbl_employee`
--
ALTER TABLE `tbl_employee`
MODIFY `IdEmployee` int(156) NOT NULL AUTO_INCREMENT;
--
-- AUTO_INCREMENT for table `tbl_news_detail`
--
ALTER TABLE `tbl_news_detail`
MODIFY `IdNews` int(156) NOT NULL AUTO_INCREMENT,AUTO_INCREMENT=17;
--
-- AUTO_INCREMENT for table `tbl_news_group`
--
ALTER TABLE `tbl_news_group`
MODIFY `IdNewsGroup` int(156) NOT NULL AUTO_INCREMENT,AUTO_INCREMENT=5;
--
-- AUTO_INCREMENT for table `tbl_producer`
--
ALTER TABLE `tbl_producer`
MODIFY `IdProducer` int(156) NOT NULL AUTO_INCREMENT,AUTO_INCREMENT=13;
--
-- AUTO_INCREMENT for table `tbl_product_detail`
--
ALTER TABLE `tbl_product_detail`
MODIFY `IdProduct` int(156) NOT NULL AUTO_INCREMENT,AUTO_INCREMENT=63;
--
-- AUTO_INCREMENT for table `tbl_product_group`
--
ALTER TABLE `tbl_product_group`
MODIFY `IdGroupProduct` int(156) NOT NULL AUTO_INCREMENT,AUTO_INCREMENT=7;
--
-- Constraints for dumped tables
--

--
-- Constraints for table `tbl_bill`
--
ALTER TABLE `tbl_bill`
ADD CONSTRAINT `tbl_bill_ibfk_1` FOREIGN KEY (`IdCustomer`) REFERENCES `tbl_customer` (`IdCustomer`);

--
-- Constraints for table `tbl_bill_detail`
--
ALTER TABLE `tbl_bill_detail`
ADD CONSTRAINT `tbl_bill_detail_ibfk_1` FOREIGN KEY (`product_id`) REFERENCES `tbl_product_detail` (`IdProduct`),
ADD CONSTRAINT `tbl_bill_detail_ibfk_2` FOREIGN KEY (`bill_id`) REFERENCES `tbl_bill` (`IdBill`);

--
-- Constraints for table `tbl_news_detail`
--
ALTER TABLE `tbl_news_detail`
ADD CONSTRAINT `tbl_news_detail_ibfk_1` FOREIGN KEY (`IdNewsGroup`) REFERENCES `tbl_news_group` (`IdNewsGroup`);

--
-- Constraints for table `tbl_product_detail`
--
ALTER TABLE `tbl_product_detail`
ADD CONSTRAINT `tbl_product_detail_ibfk_1` FOREIGN KEY (`IdProducer`) REFERENCES `tbl_producer` (`IdProducer`),
ADD CONSTRAINT `tbl_product_detail_ibfk_2` FOREIGN KEY (`IdGroupProduct`) REFERENCES `tbl_product_group` (`IdGroupProduct`);

/*!40101 SET CHARACTER_SET_CLIENT=@OLD_CHARACTER_SET_CLIENT */;
/*!40101 SET CHARACTER_SET_RESULTS=@OLD_CHARACTER_SET_RESULTS */;
/*!40101 SET COLLATION_CONNECTION=@OLD_COLLATION_CONNECTION */;
